INSERT INTO categories(name) VALUES ('Mouse'), ('RAM'), ('HDD'), ('SSD'), ('CPU'), ('GPU'), ('Mother Board'), ('Monitor');



INSERT INTO products(code, description, image_url, name, price, quantity, id_category, stock)
 VALUES ('F4-2133C15S-4GNT','Memorie G.Skill F4 4GB DDR4 2133MHz CL15','https://3.grgs.ro/images/products/1/1415042/1508458/thumbnails/f4-4gb-ddr4-2133mhz-cl15-12v-e59b5b4301e36cb391413b36afcf8a04.jpg'
 ,'RAM',23,100, 2,100),
 ('F4-2133C15S-4GNT','Memorie GOODRAM IRDM X 8GB DDR4 2666MHz CL16','https://3.grgs.ro/images/products/1/1415042/1508458/thumbnails/f4-4gb-ddr4-2133mhz-cl15-12v-e59b5b4301e36cb391413b36afcf8a04.jpg'
 ,'RAM',23,100, 2,100),
        ('F4-2133C15S-4GNT','Memorie GOODRAM IRDM X 8GB DDR4 2666MHz CL16','https://3.grgs.ro/images/products/1/1689668/1716032/normal/irdm-x-8gb-ddr4-2666mhz-cl16-e75232a1441f95c57682cfdbe51d9280.jpg'
        ,'RAM',23,100, 2,100),
        ('F4-2133C15S-4GNT','Memorie GOODRAM 8GB DDR3 1600MHz CL11 1.5v','https://5.grgs.ro/images/products/1/1053670/1131498/thumbnails/8gb-ddr3-1600mhz-cl11-15v-3575b3773e3e971709ebabfbeb4f4cf2.jpg'
        ,'RAM',23,100, 2,100),
        ('F4-2133C15S-4GNT','Memorie Patriot Viper Steel 8GB DDR4 3000MHz CL16','https://5.grgs.ro/images/products/1/1779504/1786948/thumbnails/patriot-viper-steel-ddr4-8gb-3000mhz-single-75e11600c46f7d9b3035c35466e242a0.png'
        ,'RAM',23,100, 2,100),
        ('F4-2133C15S-4GNT','Memorie Patriot Signature Line 8GB DDR3 1600MHz CL11 Dual Rank 1.5v','https://2.grgs.ro/images/products/1/480523/806495/thumbnails/signature-line-8gb-ddr3-1600mhz-cl11-dual-rank-15v-0bca999025eb0b84ec0f90536533a2b5.jpg'
        ,'RAM',23,100, 2,100),
        ('F4-2133C15S-4GNT','Memorie ADATA XPG Spectrix D50 8GB DDR4 3200MHz CL16','https://1.grgs.ro/images/products/1/9552/2486120/thumbnails/memorie-ram-adata-xpg-8gb-ddr4-3200mhz-cl16-e42d658ef357a979008db01525bb1fd3.jpg'
        ,'RAM',23,100, 2,100),
        ('F4-2133C15S-4GNT','Memorie Kingston FURY Beast 8GB DDR4 2666MHz CL16','https://1.grgs.ro/images/products/1/7169/2230710/thumbnails/fury-beast-8gb-ddr4-2666mhz-cl16-c79298790f78531559df9705c004072c.jpg'
        ,'RAM',23,100, 2,100),
        ('F4-2133C15S-4GNT','Memorie Patriot Viper Steel 8GB DDR4 3000MHz CL16','https://5.grgs.ro/images/products/1/1779504/1786948/thumbnails/patriot-viper-steel-ddr4-8gb-3000mhz-single-75e11600c46f7d9b3035c35466e242a0.png'
        ,'RAM',23,100, 2,100),
        ('F4-2133C15S-4GNT','Memorie Crucial 8GB DDR4 3200MHz CL22','https://5.grgs.ro/images/products/1/1724/2215566/thumbnails/16gb-ddr4-3200mhz-cl22-f616ca72f833abe0346211e671103206.jpg'
        ,'RAM',23,100, 2,100),
        ('F4-2133C15S-4GNT','Memorie G.Skill F4 4GB DDR4 2133MHz CL15','https://3.grgs.ro/images/products/1/1415042/1508458/thumbnails/f4-4gb-ddr4-2133mhz-cl15-12v-e59b5b4301e36cb391413b36afcf8a04.jpg'
        ,'RAM',23,100, 2,100),
        ('F4-2133C15S-4GNT','Memorie TeamGroup Elite 8GB DDR4 3200MHz CL22','https://5.grgs.ro/images/products/1/1358815/2333480/thumbnails/tp-ddr4-8gb-2400-ted48g2400c1-792d8a06ea47ad547e6c2a4f1034db78.jpg'
        ,'RAM',23,100, 2,100),
        ('F4-2133C15S-4GNT','Memorie G.Skill Aegis 8GB DDR4 3200MHz CL16','https://5.grgs.ro/images/products/1/1541210/1956426/thumbnails/aegis-8gb-ddr4-3000mhz-cl16-135v-549095585383bb53d19a7c58c95fc41c.jpg'
        ,'HDD',23,100, 3,100),

        ('F4-2133C15S-4GNT','Hard disk WD Blue 1TB SATA-III 7200 RPM 64MB','https://2.grgs.ro/images/products/1/5/376435/thumbnails/blue-1tb-sata-iii-7200-rpm-64mb-5149c8225cffe963332c7127be366c0a.jpg'
        ,'HDD',23,100, 3,100),
        ('F4-2133C15S-4GNT','Hard disk Seagate BarraCuda 1TB SATA-III 7200RPM 64MB','https://1.grgs.ro/images/products/1/1301183/1407642/thumbnails/barracuda-1tb-sata-iii-7200rpm-64mb-cf0a095d08593827efb4e6e7a0ed2d5a.jpg'
        ,'HDD',23,100, 3,100),
        ('F4-2133C15S-4GNT','Hard disk WD New Purple 1TB SATA-III IntelliPower 64MB','https://5.grgs.ro/images/products/1/1475490/1495526/thumbnails/new-purple-1tb-sata-iii-intellipower-5adf5f9f8bba370625f13024f83773dc.jpg'
        ,'HDD',23,100, 3,100),
        ('F4-2133C15S-4GNT','Hard disk Seagate BarraCuda 2TB SATA-III 7200RPM 256MB','https://5.grgs.ro/images/products/1/8674/1726212/thumbnails/barracuda-2tb-sata-iii-7200rpm-256mb-f0e26ccfd1ea1e7806dacb552cf6a1d9.jpg'
        ,'HDD',23,100, 3,100),
        ('F4-2133C15S-4GNT','Hard disk Toshiba P300 3TB SATA-III 7200 RPM 64MB bulk','https://4.grgs.ro/images/products/1/1000151/1587482/thumbnails/p300-3tb-sata-iii-7200-rpm-64mb-befbb5e0fedcb6ec26fe3cf3cbbe8390.jpg'
        ,'HDD',23,100, 3,100),
        ('F4-2133C15S-4GNT','Hard disk Seagate IronWolf 2TB SATA-III 5900RPM 64MB','https://1.grgs.ro/images/products/1/1113903/1407718/thumbnails/ironwolf-2tb-sata-iii-5900rpm-64mb-7fc2924d0efdb1f3b70d00f51ffa3466.jpg'
        ,'HDD',23,100, 3,100),
        ('F4-2133C15S-4GNT','Hard disk Seagate IronWolf 2TB SATA-III 5900RPM 64MB','https://3.grgs.ro/images/products/1/7201/2159346/thumbnails/red-plus-2tb-sata-iii-5400rpm-128mb-fb285ad22b60be7856b3b08d10724773.jpg'
        ,'HDD',23,100, 3,100),
        ('F4-2133C15S-4GNT','Hard disk Seagate IronWolf 3TB SATA-III 5400RPM 256MB','https://5.grgs.ro/images/products/1/710/2377808/thumbnails/seagate-3tb-nas-hdd-st3000vn006-636384779804a906e63ce0b1c4878f8f.jpg'
        ,'HDD',23,100, 3,100),

        ('F4-2133C15S-4GNT','SSD Kingston A400 120GB SATA-III 2.5 inch','https://3.grgs.ro/images/products/1/1427502/1487666/thumbnails/a400-120gb-sata-iii-25-inch-ace5ac38fb969418fdf46f467226e385.jpg'
        ,'SSD',23,100, 4,100),
        ('F4-2133C15S-4GNT','SSD Silicon-Power Ace A55 128GB SATA-III 2.5 inch','https://3.grgs.ro/images/products/1/1409094/1535503/thumbnails/ace-a55-128gb-sata-iii-25-inch-b998e7de1b5f0ada5f61065300310fd8.jpg'
        ,'SSD',23,100, 4,100),
        ('F4-2133C15S-4GNT','SSD ADATA SU630 240GB SATA-III 2.5 inch','https://4.grgs.ro/images/products/1/1804216/1805384/thumbnails/su630-240gb-sata-iii-25-inch-0720187331b5d30499a928ea3e1a7dcc.jpg'
        ,'SSD',23,100, 4,100),
        ('F4-2133C15S-4GNT','SSD Kingston NV2 250GB PCI Express 4.0 x4 M.2 2280','https://5.grgs.ro/images/products/1/2770/2456280/thumbnails/kingston-250gb-nv2-m2-2280-pcie-40-nvme-ssd-6724f4bd523e862533b19754deee5da9.jpg'
        ,'SSD',23,100, 4,100),
        ('F4-2133C15S-4GNT','SSD ADATA Legend 750 500GB PCI Express 3.0 x4 M.2 2280','https://5.grgs.ro/images/products/1/9544/2354148/thumbnails/adata-legend-750-500gb-pcie-m2-ssd-e36ccab79cd70331ea462f1269d4debc.jpg'
        ,'SSD',23,100, 4,100),
        ('F4-2133C15S-4GNT','SSD Samsung 870 EVO 250GB SATA-III 2.5 inch','https://4.grgs.ro/images/products/1/9395/2136430/thumbnails/870-evo-1tb-sata-iii-25-inch-13fcd8e5f2722e40e2e96e8a49645f13.jpg'
        ,'SSD',23,100, 4,100),
        ('F4-2133C15S-4GNT','SSD Silicon-Power P34A60 512GB PCI Express 3.0 x4 M.2 2280','https://2.grgs.ro/images/products/1/1261/1963134/thumbnails/p34a60-512gb-pci-express-30-x4-m2-2280-cffddd87cb7877a47ef99c20bd7001ec.jpg'
        ,'SSD',23,100, 4,100),
        ('F4-2133C15S-4GNT','SSD ADATA Legend 710 512GB PCI Express 3.0 x4 M.2 2280','https://5.grgs.ro/images/products/1/8221/2369816/thumbnails/adata-ssd-512gb-m2-pcie-legend-710-51b395e5a46db07e2c400251b165e70e.jpg'
        ,'SSD',23,100, 4,100),
        ('F4-2133C15S-4GNT','SSD Samsung 980 250GB PCI Express 3.0 x4 M.2 2280','https://4.grgs.ro/images/products/1/9395/2136430/thumbnails/870-evo-1tb-sata-iii-25-inch-13fcd8e5f2722e40e2e96e8a49645f13.jpg'
        ,'SSD',23,100, 4,100),

        ('F4-2133C15S-4GNT','Procesor Intel Comet Lake, Celeron G5925 3.6GHz box','https://5.grgs.ro/images/products/1/6924/2120514/thumbnails/comet-lake-celeron-g5925-36ghz-box-40dc6a717ec5260d90767dd588c86038.jpg'
        ,'CPU',23,100, 5,100),
        ('F4-2133C15S-4GNT','Procesor AMD Ryzen 3 4100 3.8GHz box','https://1.grgs.ro/images/products/1/8387/2364764/thumbnails/100-100000510box-d894366c13c426d11fc44750ec87375e.jpg'
        ,'CPU',23,100, 5,100),
        ('F4-2133C15S-4GNT','Procesor Intel Comet Lake, Core i3 10105F 3.7GHz box','https://3.grgs.ro/images/products/1/7201/2159338/thumbnails/comet-lake-core-i3-10105f-37ghz-box-42cdd95fe8e16e69be98b672cbcad3dc.jpg'
        ,'CPU',23,100, 5,100),
        ('F4-2133C15S-4GNT','Procesor AMD Ryzen 3 3200G 3.6GHz box','https://4.grgs.ro/images/products/1/1275/1893902/thumbnails/ryzen-3-3200g-36ghz-box-c0261fadda251d55fc4d46d73351dc23.jpg'
        ,'CPU',23,100, 5,100),
        ('F4-2133C15S-4GNT','Procesor Intel Comet Lake, Core i5 10400 2.9GHz box','https://4.grgs.ro/images/products/1/3041/2038114/thumbnails/comet-lake-core-i5-10400-29ghz-box-c1cefffcc66e9a3d33c171d6c730c2ba.png'
        ,'CPU',23,100, 5,100),
        ('F4-2133C15S-4GNT','Procesor Intel Alder Lake, Core i5 12400F 2.5GHz box','https://5.grgs.ro/images/products/1/6878/2310274/thumbnails/alder-lake-core-i5-12400f-25ghz-box-d370ccc46c4a739096347df3521b757b.jpg'
        ,'CPU',23,100, 5,100),
        ('F4-2133C15S-4GNT','Procesor AMD Ryzen 7 5800X 3.8GHz box','https://1.grgs.ro/images/products/1/9507/2102402/thumbnails/ryzen-7-5800x-38ghz-box-1b0292af425c0b74ea80f05f455e1b87.jpg'
        ,'CPU',23,100, 5,100),
        ('F4-2133C15S-4GNT','Procesor AMD Ryzen 3 1200 3.1GHz Tray','https://4.grgs.ro/images/products/1/1363661/2287398/thumbnails/ryzen-3-1200-31ghz-tray-43a91ff00b119d3aa0edf0381586e314.jpg'
        ,'CPU',23,100, 5,100),
        ('F4-2133C15S-4GNT','Procesor AMD Ryzen 7 5700X 3.4GHz box','https://4.grgs.ro/images/products/1/9544/2355140/thumbnails/amd-ryzen-7-5700x-box-169e6f569506a5acf930abef5324d2db.jpg'
        ,'CPU',23,100, 5,100),


        ('F4-2133C15S-4GNT','Placa video GIGABYTE GeForce GTX 1650 OC 4GB GDDR5 128-bit','https://5.grgs.ro/images/products/1/1848774/1857054/thumbnails/geforce-gtx-1650-oc-4gb-gddr5-128-bit-7a2cc05bff396cd62b251d432f8aeac2.png'
        ,'GPU',23,100, 6,100),
        ('F4-2133C15S-4GNT','Placa video Palit GeForce GTX 1650 GP 4GB GDDR6 128-bit','https://1.grgs.ro/images/products/1/1034/2043374/thumbnails/vga-palit-gtx1650-gamingpro-4g-gddr6-dp2-b064ed77886ce763bbed80a8a0d271d2.jpg'
        ,'GPU',23,100, 6,100),
        ('F4-2133C15S-4GNT','Placa video Gainward GeForce RTX 3060 Ghost LHR 12GB GDDR6 192-bit','https://3.grgs.ro/images/products/1/7958/2147094/thumbnails/geforce-rtx-3060-ghost-lhr-12gb-gddr6-192-bit-10919669f9935ebf7f292daf6a43b8cd.jpg'
        ,'GPU',23,100, 6,100),
        ('F4-2133C15S-4GNT','Placa video GIGABYTE GeForce RTX 3060 EAGLE LHR 12GB GDDR6 192-bit','https://3.grgs.ro/images/products/1/5113/2241666/thumbnails/geforce-rtx-3060-eagle-lhr-12gb-gddr6-192-bit-2a8f848de5e2d8fdafa50570a998fdb5.jpg'
        ,'GPU',23,100, 6,100),
        ('F4-2133C15S-4GNT','Placa video Palit GeForce RTX 3060 Ti Dual LHR 8GB GDDR6 256-bit','https://1.grgs.ro/images/products/1/2118138/2118506/thumbnails/geforce-rtx-3060-ti-dual-8gb-gddr6-256-bit-9f0c838e1a637cee7e8873083510a44a.jpg'
        ,'GPU',23,100, 6,100),
        ('F4-2133C15S-4GNT','Placa video Biostar Radeon RX 550 4GB GDDR5 128-bit','https://4.grgs.ro/images/products/1/7169/2230442/thumbnails/radeon-rx-550-4gb-gddr5-128-bit-196b221ce05febce704ae57c4c9c6ee8.jpg'
        ,'GPU',23,100, 6,100),
        ('F4-2133C15S-4GNT','Placa video MSI Radeon RX 6400 Aero ITX 4GB GDDR6 64-bit','https://1.grgs.ro/images/products/1/710/2377716/thumbnails/msi-radeon-rx-6400-aero-itx-4g-9c579fea7ac2d971d532325150c51ef6.jpg'
        ,'GPU',23,100, 6,100),
        ('F4-2133C15S-4GNT','Placa video ASUS GeForce RTX 3050 DUAL OC LHR 8GB GDDR6 128-bit','https://4.grgs.ro/images/products/1/9805/2334756/thumbnails/geforce-rtx-3050-dual-oc-lhr-8gb-gddr6-128-bit-63641329b2edb32c119a67d67c4275a9.jpg'
        ,'GPU',23,100, 6,100),
        ('F4-2133C15S-4GNT','Placa video MSI Radeon RX 6600 MECH 2X 8GB GDDR6 128-bit','https://3.grgs.ro/images/products/1/9551/2281094/thumbnails/radeon-rx-6600-mech-2x-oc-8gb-gddr6-128-bit-dfce7399853d457f07017f99266a8e86.jpg'
        ,'GPU',23,100, 6,100);



INSERT INTO roles(name) VALUES ('ADMIN'), ('USER');

INSERT INTO users(address, birthday, email, first_name, last_name, mobile, password, id_role)
VALUES ('Ghinea dorinel nr13', '1999-08-01', 'gabriel.stanciulescu@gmail.com', 'Stanciulescu', '0748839324', 'qmajdyhn', 'Gabriel', 1),
       ('Arinului 20', '200-08-01', 'constantin.gabriel@gmail.com', 'Constantin', '0748839324', 'qmajdyhn', 'Gabriel', 2),
       ('Ghinea dorinel nr13', '1999-08-01', 'gabriel.stanciulescu@gmail.com', 'Stanciulescu', '0748839324', 'qmajdyhn', 'Gabriel', 2),
       ('Ghinea dorinel nr13', '1999-08-01', 'gabriel.stanciulescu@gmail.com', 'Stanciulescu', '0748839324', 'qmajdyhn', 'Gabriel', 2),
       ('Ghinea dorinel nr13', '1999-08-01', 'gabriel.stanciulescu@gmail.com', 'Stanciulescu', '0748839324', 'qmajdyhn', 'Gabriel', 2),
       ('Ghinea dorinel nr13', '1999-08-01', 'gabriel.stanciulescu@gmail.com', 'Stanciulescu', '0748839324', 'qmajdyhn', 'Gabriel', 2),
       ('Ghinea dorinel nr13', '1999-08-01', 'gabriel.stanciulescu@gmail.com', 'Stanciulescu', '0748839324', 'qmajdyhn', 'Gabriel', 2),
       ('Ghinea dorinel nr13', '1999-08-01', 'gabriel.stanciulescu@gmail.com', 'Stanciulescu', '0748839324', 'qmajdyhn', 'Gabriel', 1);











