INSERT INTO categories(name) VALUES ('Mouse'), ('RAM'), ('HDD'), ('SSD'), ('CPU'), ('GPU'), ('Mother Board'), ('Monitor'),('Carcasa'),('Sursa'), ('Casti');



INSERT INTO products(code, description, image_url, name, price, quantity, id_category, stock)
 VALUES ('F4-2133C15S-4GNT','Memorie G.Skill F4 4GB DDR4 2133MHz CL15','https://3.grgs.ro/images/products/1/1415042/1508458/thumbnails/f4-4gb-ddr4-2133mhz-cl15-12v-e59b5b4301e36cb391413b36afcf8a04.jpg'
 ,'RAM',23,100, 2,100),
 ('F4-2133C15S-4GNT','Memorie GOODRAM IRDM X 8GB DDR4 2666MHz CL16','https://3.grgs.ro/images/products/1/1415042/1508458/thumbnails/f4-4gb-ddr4-2133mhz-cl15-12v-e59b5b4301e36cb391413b36afcf8a04.jpg'
 ,'RAM',23,100, 2,100),
        ('F4-2133C15S-4GNT','Memorie GOODRAM IRDM X 8GB DDR4 2666MHz CL16','https://3.grgs.ro/images/products/1/1689668/1716032/normal/irdm-x-8gb-ddr4-2666mhz-cl16-e75232a1441f95c57682cfdbe51d9280.jpg'
        ,'RAM',136,100, 2,100),
        ('F4-2133C15S-4GNT','Memorie GOODRAM 8GB DDR3 1600MHz CL11 1.5v','https://5.grgs.ro/images/products/1/1053670/1131498/thumbnails/8gb-ddr3-1600mhz-cl11-15v-3575b3773e3e971709ebabfbeb4f4cf2.jpg'
        ,'RAM',280,100, 2,100),
        ('F4-2133C15S-4GNT','Memorie Patriot Viper Steel 8GB DDR4 3000MHz CL16','https://5.grgs.ro/images/products/1/1779504/1786948/thumbnails/patriot-viper-steel-ddr4-8gb-3000mhz-single-75e11600c46f7d9b3035c35466e242a0.png'
        ,'RAM',145,100, 2,100),
        ('F4-2133C15S-4GNT','Memorie Patriot Signature Line 8GB DDR3 1600MHz CL11 Dual Rank 1.5v','https://2.grgs.ro/images/products/1/480523/806495/thumbnails/signature-line-8gb-ddr3-1600mhz-cl11-dual-rank-15v-0bca999025eb0b84ec0f90536533a2b5.jpg'
        ,'RAM',165,100, 2,100),
        ('F4-2133C15S-4GNT','Memorie ADATA XPG Spectrix D50 8GB DDR4 3200MHz CL16','https://1.grgs.ro/images/products/1/9552/2486120/thumbnails/memorie-ram-adata-xpg-8gb-ddr4-3200mhz-cl16-e42d658ef357a979008db01525bb1fd3.jpg'
        ,'RAM',190,100, 2,100),
        ('F4-2133C15S-4GNT','Memorie Kingston FURY Beast 8GB DDR4 2666MHz CL16','https://1.grgs.ro/images/products/1/7169/2230710/thumbnails/fury-beast-8gb-ddr4-2666mhz-cl16-c79298790f78531559df9705c004072c.jpg'
        ,'RAM',180,100, 2,100),
        ('F4-2133C15S-4GNT','Memorie Patriot Viper Steel 8GB DDR4 3000MHz CL16','https://5.grgs.ro/images/products/1/1779504/1786948/thumbnails/patriot-viper-steel-ddr4-8gb-3000mhz-single-75e11600c46f7d9b3035c35466e242a0.png'
        ,'RAM',250,100, 2,100),
        ('F4-2133C15S-4GNT','Memorie Crucial 8GB DDR4 3200MHz CL22','https://5.grgs.ro/images/products/1/1724/2215566/thumbnails/16gb-ddr4-3200mhz-cl22-f616ca72f833abe0346211e671103206.jpg'
        ,'RAM',300,100, 2,100),
        ('F4-2133C15S-4GNT','Memorie G.Skill F4 4GB DDR4 2133MHz CL15','https://3.grgs.ro/images/products/1/1415042/1508458/thumbnails/f4-4gb-ddr4-2133mhz-cl15-12v-e59b5b4301e36cb391413b36afcf8a04.jpg'
        ,'RAM',250,100, 2,100),
        ('F4-2133C15S-4GNT','Memorie TeamGroup Elite 8GB DDR4 3200MHz CL22','https://5.grgs.ro/images/products/1/1358815/2333480/thumbnails/tp-ddr4-8gb-2400-ted48g2400c1-792d8a06ea47ad547e6c2a4f1034db78.jpg'
        ,'RAM',360,100, 2,100),
        ('F4-2133C15S-4GNT','Memorie G.Skill Aegis 8GB DDR4 3200MHz CL16','https://5.grgs.ro/images/products/1/1541210/1956426/thumbnails/aegis-8gb-ddr4-3000mhz-cl16-135v-549095585383bb53d19a7c58c95fc41c.jpg'
        ,'HDD',120,100, 3,100),

        ('F4-2133C15S-4GNT','Hard disk WD Blue 1TB SATA-III 7200 RPM 64MB','https://2.grgs.ro/images/products/1/5/376435/thumbnails/blue-1tb-sata-iii-7200-rpm-64mb-5149c8225cffe963332c7127be366c0a.jpg'
        ,'HDD',250,100, 3,100),
        ('F4-2133C15S-4GNT','Hard disk Seagate BarraCuda 1TB SATA-III 7200RPM 64MB','https://1.grgs.ro/images/products/1/1301183/1407642/thumbnails/barracuda-1tb-sata-iii-7200rpm-64mb-cf0a095d08593827efb4e6e7a0ed2d5a.jpg'
        ,'HDD',350,100, 3,100),
        ('F4-2133C15S-4GNT','Hard disk WD New Purple 1TB SATA-III IntelliPower 64MB','https://5.grgs.ro/images/products/1/1475490/1495526/thumbnails/new-purple-1tb-sata-iii-intellipower-5adf5f9f8bba370625f13024f83773dc.jpg'
        ,'HDD',220,100, 3,100),
        ('F4-2133C15S-4GNT','Hard disk Seagate BarraCuda 2TB SATA-III 7200RPM 256MB','https://5.grgs.ro/images/products/1/8674/1726212/thumbnails/barracuda-2tb-sata-iii-7200rpm-256mb-f0e26ccfd1ea1e7806dacb552cf6a1d9.jpg'
        ,'HDD',360,100, 3,100),
        ('F4-2133C15S-4GNT','Hard disk Toshiba P300 3TB SATA-III 7200 RPM 64MB bulk','https://4.grgs.ro/images/products/1/1000151/1587482/thumbnails/p300-3tb-sata-iii-7200-rpm-64mb-befbb5e0fedcb6ec26fe3cf3cbbe8390.jpg'
        ,'HDD',212,100, 3,100),
        ('F4-2133C15S-4GNT','Hard disk Seagate IronWolf 2TB SATA-III 5900RPM 64MB','https://1.grgs.ro/images/products/1/1113903/1407718/thumbnails/ironwolf-2tb-sata-iii-5900rpm-64mb-7fc2924d0efdb1f3b70d00f51ffa3466.jpg'
        ,'HDD',361,100, 3,100),
        ('F4-2133C15S-4GNT','Hard disk Seagate IronWolf 2TB SATA-III 5900RPM 64MB','https://3.grgs.ro/images/products/1/7201/2159346/thumbnails/red-plus-2tb-sata-iii-5400rpm-128mb-fb285ad22b60be7856b3b08d10724773.jpg'
        ,'HDD',212,100, 3,100),
        ('F4-2133C15S-4GNT','Hard disk Seagate IronWolf 3TB SATA-III 5400RPM 256MB','https://5.grgs.ro/images/products/1/710/2377808/thumbnails/seagate-3tb-nas-hdd-st3000vn006-636384779804a906e63ce0b1c4878f8f.jpg'
        ,'HDD',362,100, 3,100),

        ('F4-2133C15S-4GNT','SSD Kingston A400 120GB SATA-III 2.5 inch','https://3.grgs.ro/images/products/1/1427502/1487666/thumbnails/a400-120gb-sata-iii-25-inch-ace5ac38fb969418fdf46f467226e385.jpg'
        ,'SSD',120,100, 4,100),
        ('F4-2133C15S-4GNT','SSD Silicon-Power Ace A55 128GB SATA-III 2.5 inch','https://3.grgs.ro/images/products/1/1409094/1535503/thumbnails/ace-a55-128gb-sata-iii-25-inch-b998e7de1b5f0ada5f61065300310fd8.jpg'
        ,'SSD',240,100, 4,100),
        ('F4-2133C15S-4GNT','SSD ADATA SU630 240GB SATA-III 2.5 inch','https://4.grgs.ro/images/products/1/1804216/1805384/thumbnails/su630-240gb-sata-iii-25-inch-0720187331b5d30499a928ea3e1a7dcc.jpg'
        ,'SSD',320,100, 4,100),
        ('F4-2133C15S-4GNT','SSD Kingston NV2 250GB PCI Express 4.0 x4 M.2 2280','https://5.grgs.ro/images/products/1/2770/2456280/thumbnails/kingston-250gb-nv2-m2-2280-pcie-40-nvme-ssd-6724f4bd523e862533b19754deee5da9.jpg'
        ,'SSD',450,100, 4,100),
        ('F4-2133C15S-4GNT','SSD ADATA Legend 750 500GB PCI Express 3.0 x4 M.2 2280','https://5.grgs.ro/images/products/1/9544/2354148/thumbnails/adata-legend-750-500gb-pcie-m2-ssd-e36ccab79cd70331ea462f1269d4debc.jpg'
        ,'SSD',230,100, 4,100),
        ('F4-2133C15S-4GNT','SSD Samsung 870 EVO 250GB SATA-III 2.5 inch','https://4.grgs.ro/images/products/1/9395/2136430/thumbnails/870-evo-1tb-sata-iii-25-inch-13fcd8e5f2722e40e2e96e8a49645f13.jpg'
        ,'SSD',231,100, 4,100),
        ('F4-2133C15S-4GNT','SSD Silicon-Power P34A60 512GB PCI Express 3.0 x4 M.2 2280','https://2.grgs.ro/images/products/1/1261/1963134/thumbnails/p34a60-512gb-pci-express-30-x4-m2-2280-cffddd87cb7877a47ef99c20bd7001ec.jpg'
        ,'SSD',236,100, 4,100),
        ('F4-2133C15S-4GNT','SSD ADATA Legend 710 512GB PCI Express 3.0 x4 M.2 2280','https://5.grgs.ro/images/products/1/8221/2369816/thumbnails/adata-ssd-512gb-m2-pcie-legend-710-51b395e5a46db07e2c400251b165e70e.jpg'
        ,'SSD',360,100, 4,100),
        ('F4-2133C15S-4GNT','SSD Samsung 980 250GB PCI Express 3.0 x4 M.2 2280','https://4.grgs.ro/images/products/1/9395/2136430/thumbnails/870-evo-1tb-sata-iii-25-inch-13fcd8e5f2722e40e2e96e8a49645f13.jpg'
        ,'SSD',365,100, 4,100),

        ('F4-2133C15S-4GNT','Procesor Intel Comet Lake, Celeron G5925 3.6GHz box','https://5.grgs.ro/images/products/1/6924/2120514/thumbnails/comet-lake-celeron-g5925-36ghz-box-40dc6a717ec5260d90767dd588c86038.jpg'
        ,'CPU',1200,100, 5,100),
        ('F4-2133C15S-4GNT','Procesor AMD Ryzen 3 4100 3.8GHz box','https://1.grgs.ro/images/products/1/8387/2364764/thumbnails/100-100000510box-d894366c13c426d11fc44750ec87375e.jpg'
        ,'CPU',1600,100, 5,100),
        ('F4-2133C15S-4GNT','Procesor Intel Comet Lake, Core i3 10105F 3.7GHz box','https://3.grgs.ro/images/products/1/7201/2159338/thumbnails/comet-lake-core-i3-10105f-37ghz-box-42cdd95fe8e16e69be98b672cbcad3dc.jpg'
        ,'CPU',2500,100, 5,100),
        ('F4-2133C15S-4GNT','Procesor AMD Ryzen 3 3200G 3.6GHz box','https://4.grgs.ro/images/products/1/1275/1893902/thumbnails/ryzen-3-3200g-36ghz-box-c0261fadda251d55fc4d46d73351dc23.jpg'
        ,'CPU',2400,100, 5,100),
        ('F4-2133C15S-4GNT','Procesor Intel Comet Lake, Core i5 10400 2.9GHz box','https://4.grgs.ro/images/products/1/3041/2038114/thumbnails/comet-lake-core-i5-10400-29ghz-box-c1cefffcc66e9a3d33c171d6c730c2ba.png'
        ,'CPU',3600,100, 5,100),
        ('F4-2133C15S-4GNT','Procesor Intel Alder Lake, Core i5 12400F 2.5GHz box','https://5.grgs.ro/images/products/1/6878/2310274/thumbnails/alder-lake-core-i5-12400f-25ghz-box-d370ccc46c4a739096347df3521b757b.jpg'
        ,'CPU',2600,100, 5,100),
        ('F4-2133C15S-4GNT','Procesor AMD Ryzen 7 5800X 3.8GHz box','https://1.grgs.ro/images/products/1/9507/2102402/thumbnails/ryzen-7-5800x-38ghz-box-1b0292af425c0b74ea80f05f455e1b87.jpg'
        ,'CPU',2600,100, 5,100),
        ('F4-2133C15S-4GNT','Procesor AMD Ryzen 3 1200 3.1GHz Tray','https://4.grgs.ro/images/products/1/1363661/2287398/thumbnails/ryzen-3-1200-31ghz-tray-43a91ff00b119d3aa0edf0381586e314.jpg'
        ,'CPU',2500,100, 5,100),
        ('F4-2133C15S-4GNT','Procesor AMD Ryzen 7 5700X 3.4GHz box','https://4.grgs.ro/images/products/1/9544/2355140/thumbnails/amd-ryzen-7-5700x-box-169e6f569506a5acf930abef5324d2db.jpg'
        ,'CPU',2600,100, 5,100),


        ('F4-2133C15S-4GNT','Placa video GIGABYTE GeForce GTX 1650 OC 4GB GDDR5 128-bit','https://5.grgs.ro/images/products/1/1848774/1857054/thumbnails/geforce-gtx-1650-oc-4gb-gddr5-128-bit-7a2cc05bff396cd62b251d432f8aeac2.png'
        ,'GPU',2300,100, 6,100),
        ('F4-2133C15S-4GNT','Placa video Palit GeForce GTX 1650 GP 4GB GDDR6 128-bit','https://1.grgs.ro/images/products/1/1034/2043374/thumbnails/vga-palit-gtx1650-gamingpro-4g-gddr6-dp2-b064ed77886ce763bbed80a8a0d271d2.jpg'
        ,'GPU',3200,100, 6,100),
        ('F4-2133C15S-4GNT','Placa video Gainward GeForce RTX 3060 Ghost LHR 12GB GDDR6 192-bit','https://3.grgs.ro/images/products/1/7958/2147094/thumbnails/geforce-rtx-3060-ghost-lhr-12gb-gddr6-192-bit-10919669f9935ebf7f292daf6a43b8cd.jpg'
        ,'GPU',4500,100, 6,100),
        ('F4-2133C15S-4GNT','Placa video GIGABYTE GeForce RTX 3060 LHR 12GB GDDR6 192-bit','https://3.grgs.ro/images/products/1/5113/2241666/thumbnails/geforce-rtx-3060-eagle-lhr-12gb-gddr6-192-bit-2a8f848de5e2d8fdafa50570a998fdb5.jpg'
        ,'GPU',3622,100, 6,100),
        ('F4-2133C15S-4GNT','Placa video Palit GeForce RTX 3060 Ti Dual LHR 8GB GDDR6 256-bit','https://1.grgs.ro/images/products/1/2118138/2118506/thumbnails/geforce-rtx-3060-ti-dual-8gb-gddr6-256-bit-9f0c838e1a637cee7e8873083510a44a.jpg'
        ,'GPU',3000,100, 6,100),
        ('F4-2133C15S-4GNT','Placa video Biostar Radeon RX 550 4GB GDDR5 128-bit','https://4.grgs.ro/images/products/1/7169/2230442/thumbnails/radeon-rx-550-4gb-gddr5-128-bit-196b221ce05febce704ae57c4c9c6ee8.jpg'
        ,'GPU',2500,100, 6,100),
        ('F4-2133C15S-4GNT','Placa video MSI Radeon RX 6400 Aero ITX 4GB GDDR6 64-bit','https://1.grgs.ro/images/products/1/710/2377716/thumbnails/msi-radeon-rx-6400-aero-itx-4g-9c579fea7ac2d971d532325150c51ef6.jpg'
        ,'GPU',3600,100, 6,100),
        ('F4-2133C15S-4GNT','Placa video ASUS GeForce RTX 3050 DUAL OC LHR 8GB GDDR6 128-bit','https://4.grgs.ro/images/products/1/9805/2334756/thumbnails/geforce-rtx-3050-dual-oc-lhr-8gb-gddr6-128-bit-63641329b2edb32c119a67d67c4275a9.jpg'
        ,'GPU',2500,100, 6,100),
        ('F4-2133C15S-4GNT','Placa video MSI Radeon RX 6600 MECH 2X 8GB GDDR6 128-bit','https://3.grgs.ro/images/products/1/9551/2281094/thumbnails/radeon-rx-6600-mech-2x-oc-8gb-gddr6-128-bit-dfce7399853d457f07017f99266a8e86.jpg'
        ,'GPU',1455,100, 6,100),


        ('F4-2133C15S-4GNT','Placa de baza ASUS PRIME H310M-K R2.0','https://3.grgs.ro/images/products/1/5015/1772992/thumbnails/prime-h310m-k-r20-ee27e813e8d0c1a1e94b328ef1d4b5be.jpg'
        ,'Board',1400,100, 7,100),
        ('F4-2133C15S-4GNT','Placa de baza ASUS PRIME H310M-R R2.0','https://5.grgs.ro/images/products/1/1804216/1768500/thumbnails/h310m-r-r20-ec662ea4b7460dba316dc3893b3e1146.jpg'
        ,'Board',1200,100, 7,100),
        ('F4-2133C15S-4GNT','Placa de baza GIGABYTE H410M H V3','https://5.grgs.ro/images/products/1/1724/2215614/thumbnails/h410m-h-v3-1c84950a38b7b1cd4585dfc1bab5f417.jpg'
        ,'Board',1500,100, 7,100),
        ('F4-2133C15S-4GNT','Placa de baza ASRock H510M-HVS R2.0','https://2.grgs.ro/images/products/1/4659/2241034/thumbnails/h510m-hvs-7d3ee31c4da706ad18832902c7c05339.jpg'
        ,'Board',2500,100, 7,100),
        ('F4-2133C15S-4GNT','Placa de baza GIGABYTE Z590 GAMING X','https://3.grgs.ro/images/products/1/9395/2134686/thumbnails/z590-gaming-x-45c1e55d7c60e37b636c0c0c23aaf352.jpg'
        ,'Board',1200,100, 7,100),
        ('F4-2133C15S-4GNT','Placa de baza GIGABYTE B660M GAMING X DDR4','https://4.grgs.ro/images/products/1/9805/2335920/thumbnails/gigabyte-b660m-gaming-x-ddr4-lga-1700-1xhdmi-1xdp-4xsata-6gb-s-cdcc5193a300b596077a47676d94c2cf.jpg'
        ,'Board',1400,100, 7,100),
        ('F4-2133C15S-4GNT','Placa de baza GIGABYTE B550 AORUS ELITE V2','https://3.grgs.ro/images/products/1/4917/2068982/thumbnails/b550-aorus-elite-v2-d5f73fdc77512e76f582123fcd0ab811.png'
        ,'Board',1800,100, 7,100),
        ('F4-2133C15S-4GNT','Placa de baza ASRock Z790 PRO RS/D4','https://2.grgs.ro/images/products/1/7985/2490152/thumbnails/z790-pro-rs-d4-608a8c22edd3d979f41b279b207c739d.jpg'
        ,'Board',2100,100, 7,100),
        ('F4-2133C15S-4GNT','Placa de baza ASRock B650E PG RIPTIDE WIFI','https://4.grgs.ro/images/products/1/9552/2486548/thumbnails/b650e-pg-riptide-wifi-0eca9ea1821c610b2e532a5fc87589e7.jpg'
        ,'Board',1200,100, 7,100),

        ('F4-2133C15S-4GNT','Mouse Gaming AQIRYS Acrux','https://4.grgs.ro/images/products/1/352/2125886/thumbnails/acrux-d6a7f73caf16cd53f3147963e4a8f0c4.jpg'
        ,'Mouse',23,100, 1,100),
        ('F4-2133C15S-4GNT','Mouse Logitech MX Master 3 Wireless/Bluetooh, Black','https://1.grgs.ro/images/products/1/2001/2251302/thumbnails/910-005710-a108291fc68e434b0ef0f7d00af3124c.jpg'
        ,'',23,100, 1,100),
        ('F4-2133C15S-4GNT','Mouse Gaming Redragon TitanoBoa2 V2 RGBTip mouse: Wired','https://5.grgs.ro/images/products/1/3395/2294886/thumbnails/titanoboa2-v2-rgb-fcf4203958eef4166db4fe4250323792.jpg'
        ,'Mouse',45,100, 1,100),
        ('F4-2133C15S-4GNT','Mouse Gaming Redragon Impact Elite RGB Wireless','https://3.grgs.ro/images/products/1/3991/2481608/thumbnails/impact-elite-rgb-wireless-cc321bd21930045c334a3b2f319432e1.jpg'
        ,'Mouse',120,100, 1,100),
        ('F4-2133C15S-4GNT','Mouse ASUS UT280 Black','https://3.grgs.ro/images/products/1/1088254/1427910/thumbnails/ut280-black-79812ce7ab79f749820bb6f291a6a0e7.jpg'
        ,'Mouse',60,100, 1,100),
        ('F4-2133C15S-4GNT','Mouse Logitech M185, Wireless, Red','https://5.grgs.ro/images/products/1/5/270249/thumbnails/m185-red-35c83e9f058bd3c8b43fce47dcae336c.jpg'
        ,'Mouse',80,100, 1,100),
        ('F4-2133C15S-4GNT','Mouse Logitech M185, Wireless, Blue','https://4.grgs.ro/images/products/1/4/270247/thumbnails/m185-blue-fddb91f584e58054e5fcbae98dfd4421.jpg'
        ,'Mouse',80,100, 1,100),
        ('F4-2133C15S-4GNT','Mouse HP 200 Black','https://1.grgs.ro/images/products/1/472773/1451142/thumbnails/200-black-a8fb3be311b1ebee697136e7bb5c5b2d.jpg'
        ,'Mouse',45,100, 1,100),
        ('F4-2133C15S-4GNT','Mouse Microsoft Wireless Mobile 1850 Black','https://3.grgs.ro/images/products/1/862955/869194/thumbnails/mobile-1850-black-eadfb882d2186b7c16c71c9f80837f67.jpg'
        ,'Mouse',32,100, 1,100),

        ('F4-2133C15S-4GNT','Monitor LED ViewSonic Gaming  Curbat 23.6 inch FHD VA 1 ms 165 Hz','https://1.grgs.ro/images/products/1/75/2439344/thumbnails/gaming-vx2418c-curbat-238-inch-fhd-va-1-ms-165-hz-freesync-premium-c940fd7352f9943958e7675928f3b2bf.jpg'
        ,'Monitor',2400,100, 8,100),
        ('F4-2133C15S-4GNT','Monitor LED LG Gaming  23.8 inch FHD IPS 5 ms 75 Hz FreeSync','https://5.grgs.ro/images/products/1/1642372/1648688/thumbnails/gaming-22mk430h-215-inch-5-ms-black-free-sync-75hz-9b240323c84bd034a6a94670e70d0a96.jpg'
        ,'Monitor',3600,100, 8,100),
        ('F4-2133C15S-4GNT','Monitor LED Acer Gaming VG270 27 inch FHD IPS 1 ms 75 Hz FreeSync','https://2.grgs.ro/images/products/1/1723568/1726852/thumbnails/gaming-vg270bmiix-27-inch-1-ms-black-freesync-75-hz-ea27d4b0fa2c900bf07f8437519b5cc8.jpg'
        ,'Monitor',2500,100, 8,100),
        ('F4-2133C15S-4GNT','Monitor LED Acer Gaming PG1 23.8 inch FHD VA 1 ms 144 Hz','https://2.grgs.ro/images/products/1/1154/2413832/thumbnails/pg1-238-inch-fhd-va-1-ms-144-hz-freesync-premium-a1c30d09f4e114794f692b5084c7b065.jpg'
        ,'Monitor',2600,100, 8,100),
        ('F4-2133C15S-4GNT','Monitor LED ViewSonic  23.8 inch FHD VA 4 ms 60 Hz','https://2.grgs.ro/images/products/1/6878/2309410/thumbnails/va2406-h-238-inch-fhd-va-4-ms-60-hz-a1576fc75558f64d3695cc397da65a2e.jpg'
        ,'Monitor',1200,100, 8,100),
        ('F4-2133C15S-4GNT','Monitor LED DELL  23.8 inch FHD VA 5 ms 75 Hz FreeSync','https://5.grgs.ro/images/products/1/7132/2239838/thumbnails/se2422h-238-inch-5-ms-negru-freesync-75-hz-098b953d3a928735461c53e7f13a632e.jpg'
        ,'Monitor',1500,100, 8,100),
        ('F4-2133C15S-4GNT','Monitor LED Tesla 24MC625BF 23.8 inch FHD IPS 5 ms 75 Hz','https://3.grgs.ro/images/products/1/710/2380220/thumbnails/24mc625bf-238-inch-fhd-ips-5-ms-75-hz-freesync-4d7d11e6ea8e6aa1386d232d737b371a.jpg'
        ,'Monitor',2500,100, 8,100),
        ('F4-2133C15S-4GNT','Monitor LED Acer V247Y 23.8 inch FHD IPS 4 ms 75 Hz','https://2.grgs.ro/images/products/1/4960/2403988/thumbnails/v247y-238-inch-fhd-ips-4-ms-75-hz-771c1ef195affe86e2e4e7a9697a71e6.jpg'
        ,'Monitor',1586,100, 8,100),



        ('F4-2133C15S-4GNT','Carcasa Floston RED BARS','https://3.grgs.ro/images/products/1/1457254/1502254/thumbnails/red-bars-26d6a2fe310e2dae66435364f697ee13.jpg'
        ,'Carcasa',145,100, 9,100),
        ('F4-2133C15S-4GNT','Carcasa Redragon Devastator','https://5.grgs.ro/images/products/1/6769/2109646/thumbnails/devastator-e0ae8f000690ff0345a8853e2734fdcd.jpg'
        ,'Carcasa',145,100, 9,100),
        ('F4-2133C15S-4GNT','Carcasa AQIRYS Bellatrix Pro White','https://4.grgs.ro/images/products/1/6878/2308718/thumbnails/bellatrix-pro-white-c730f5413c2974d2b5178bef99a1e96c.jpg'
        ,'Carcasa',167,100, 9,100),
        ('F4-2133C15S-4GNT','Carcasa Floston Blue Style','https://5.grgs.ro/images/products/1/1034/2046126/thumbnails/blue-style-6fa77d6f469b0b70d5f4ecc34c3abedc.jpg'
        ,'Carcasa',184,100, 9,100),
        ('F4-2133C15S-4GNT','Carcasa Floston Dark Brushed RGB','https://4.grgs.ro/images/products/1/1977958/1988478/thumbnails/dark-brushed-rgb-f29a08737a51f1ff7de64e37da3e21ff.jpg'
        ,'Carcasa',145,100, 9,100),
        ('F4-2133C15S-4GNT','Carcasa Gamemax Typhoon COC','https://3.grgs.ro/images/products/1/1240/2331908/thumbnails/typhoon-oc-c303473062273a6c6e5334031c324cca.jpg'
        ,'Carcasa',217,100, 9,100),
        ('F4-2133C15S-4GNT','Carcasa Segotep LUX II Black RGB','https://4.grgs.ro/images/products/1/7958/2149150/thumbnails/lux-ii-black-rgb-90d863d384a78c8e3b14487455d0c3e6.jpg'
        ,'Carcasa',145,100, 9,100),
        ('F4-2133C15S-4GNT','Carcasa Segotep Nova S6 Black','https://3.grgs.ro/images/products/1/6878/2308638/thumbnails/nova-s6-black-9c0982ae4a71e3c673897f94274886d6.jpg'
        ,'Carcasa',230,100, 9,100),
        ('F4-2133C15S-4GNT','Carcasa ALPHAGEAR Sentinel ARGB','https://1.grgs.ro/images/products/1/7958/2149846/thumbnails/sentinel-argb-a4ddbe09ec82b4b4c7bce4c88bf1cfe4.jpg'
        ,'Carcasa',268,100, 9,100),
        ('F4-2133C15S-4GNT','Carcasa AQIRYS Canopus White ARGB','https://4.grgs.ro/images/products/1/1724/2219078/thumbnails/canopus-white-argb-7dd918b97219b0398a64c0b6d04c58d3.jpg'
        ,'Carcasa',145,100, 9,100),


        ('F4-2133C15S-4GNT','Sursa Segotep ATX-500WH','https://2.grgs.ro/images/products/1/4/260785/thumbnails/atx-500wh-5c5322b52a93467de39bb1993c1b021d.jpg'
        ,'Sursa',145,100, 10,100),
        ('F4-2133C15S-4GNT','Sursa Floston FL500 Extra','https://4.grgs.ro/images/products/1/5/376201/thumbnails/fl500-extra-22bfe990c70298dae910721f50eda969.jpg'
        ,'Sursa',145,100, 10,100),
        ('F4-2133C15S-4GNT','Sursa AQIRYS Pulsar, 80+ Bronze, 750W','https://4.grgs.ro/images/products/1/5113/2139458/thumbnails/pulsar-80-plus-bronze-750w-07e71f531aa064634a914bcf8875461e.jpg'
        ,'Sursa',226,100, 10,100),
        ('F4-2133C15S-4GNT','Sursa Aerocool LUX RGB, 80+ Bronze, 650W','https://3.grgs.ro/images/products/1/753/1818980/thumbnails/lux-rgb-80-plus-bronze-550w-deb8cc6ff8507be22a27708bf85985fe.png'
        ,'Sursa',145,100, 10,100),
        ('F4-2133C15S-4GNT','Sursa Gamemax VP-800-RGB, 80+ Bronze, 800W','https://1.grgs.ro/images/products/1/3026/2132666/thumbnails/vp-800-rgb-80-plus-bronze-800w-74b5db9f78b39ac0562b689362649b79.jpg'
        ,'Sursa',256,100, 10,100),
        ('F4-2133C15S-4GNT','Sursa PCCOOLER GI-BR700, 80+ Bronze, 700W','https://5.grgs.ro/images/products/1/7571/2325016/thumbnails/gi-br700-80-plus-bronze-700w-92346a88869865bfc65fea954f9f1d80.jpg'
        ,'Sursa',145,100, 10,100),
        ('F4-2133C15S-4GNT','Sursa Seasonic G12 GC-550, 80+ Gold, 550W','https://4.grgs.ro/images/products/1/4659/2162506/thumbnails/g12-gc-550-80-plus-gold-550w-53e77fea10e7ed382844ecf36d1599d0.jpg'
        ,'Sursa',324,100, 10,100),
        ('F4-2133C15S-4GNT','Sursa Redragon RGPS650W, 80+ Gold, 650W','https://4.grgs.ro/images/products/1/3395/2294874/thumbnails/rgps650w-80-plus-gold-650w-89610c948bde0f0c62a2f1e266a4daaa.jpg'
        ,'Sursa',145,100, 10,100),
        ('F4-2133C15S-4GNT','Sursa Seasonic G12 GM-550, 80+ Gold, 550W','https://1.grgs.ro/images/products/1/2948/2430604/thumbnails/g12-gm-550-series-80-plus-gold-a5e6bca1ed9743da7ce7f6cd6e5fb219.jpg'
        ,'Sursa',145,100, 10,100),
        ('F4-2133C15S-4GNT','Sursa Inaza Fusion, 80+ Gold, 700W','https://2.grgs.ro/images/products/1/2510/2237914/thumbnails/sursa-inaza-fusion-700w-71a9b88f9ea0552a2239e2d8f7540ab7.jpg'
        ,'Sursa',145,100, 10,100),

        ('F4-2133C15S-4GNT','Casti Gaming Corsair Virtuoso RGB Carbon Wireless','https://3.grgs.ro/images/products/1/6166/1949666/thumbnails/virtuoso-rgb-carbon-wireless-72304c553ce6fcab14f5d893770f09ad.png'
        ,'Casti',989,100, 11,100),
        ('F4-2133C15S-4GNT','Casti Gaming ASUS ROG Delta S RGB','https://1.grgs.ro/images/products/1/9395/2135238/thumbnails/casti-gaming-asus-rog-delta-s-iluminare-rgb-8c2f6b583442f15082da9f988068ac06.jpg'
        ,'Casti',999,100, 11,100),
        ('F4-2133C15S-4GNT','Casti Gaming Logitech G735 Lightspeed Wireless RGB White','https://5.grgs.ro/images/products/1/1862/2447912/thumbnails/981-001083-afaa06382eee05766feaad2e42017a97.jpg'
        ,'Casti',1980,100, 11,100),
        ('F4-2133C15S-4GNT','Casti Gaming Logitech G PRO X Wireless Lightspeed','https://5.grgs.ro/images/products/1/6954/2060402/thumbnails/g-pro-x-wireless-lightspeed-90c33ec200d0803a46556093e88e3c26.jpg'
        ,'Casti',809,100, 11,100),
        ('F4-2133C15S-4GNT','Casti Gaming SkullCandy PLYR Black DigiHype','https://2.grgs.ro/images/products/1/6995/2506759/thumbnails/s6ppy-p003-400b4eddf8d290df8e4b288affb2df33.jpg'
        ,'Casti',699,100, 11,100),
        ('F4-2133C15S-4GNT','Casti Gaming Alienware AW510H Lunar Light','https://5.grgs.ro/images/products/1/1990682/1994022/thumbnails/aw510h-lunar-light-798d86c9d97a1690ba876c93e239e5c6.jpg'
        ,'Casti',599,100, 11,100),
        ('F4-2133C15S-4GNT','Casti Gaming SkullCandy SLYR Pro Blue Digi Hype','https://5.grgs.ro/images/products/1/6995/2506787/thumbnails/slyr-pro-blue-digi-hype-d54ed28a993d6599d708d74be201213b.jpg'
        ,'Casti',620,100, 11,100),
        ('F4-2133C15S-4GNT','Casti Gaming SkullCandy SLYR Pro Black DigiHype','https://4.grgs.ro/images/products/1/6995/2506767/thumbnails/s6spy-p003-6f87b55cf77b12949ab91420ba10df59.jpg'
        ,'Casti',499,100, 11,100),
        ('F4-2133C15S-4GNT','Casti Gaming SPC Gear VIRO Plus','https://5.grgs.ro/images/products/1/6954/2060418/thumbnails/viro-plus-0f78032e4559a4dc7e9dddb5da45332c.jpg'
        ,'Casti',182,100, 11,100);



INSERT INTO roles(name) VALUES ('ROLE_USER'), ('ROLE_ADMIN'),('ROLE_EMPLOYEE');

INSERT INTO users(address, birthday, email, first_name,mobile ,  password, last_name, id_role)
VALUES ('Brasov', '1999-08-01', 'gabriel.stanciulescu@admin.itcomponents.ro', 'Stanciulescu', '0748000000', '$2a$12$R7SYQz6YjarscS/c3qqVjeg.kPJQuPRK5yOORqXQXcXrz62G.eEPC', 'Gabriel', 2),-- password: qmajdyhn
       ('Brasov', '1999-08-01', 'gabriel.stanciulescu@gmail.com', 'Stanciulescu', '0748000000', '$2a$12$R7SYQz6YjarscS/c3qqVjeg.kPJQuPRK5yOORqXQXcXrz62G.eEPC', 'Gabriel', 1),-- password: qmajdyhn
       ('Brasov', '1999-08-01', 'gabriel.stanciulescu@itcomponents.ro', 'Stanciulescu', '0748000000', '$2a$12$R7SYQz6YjarscS/c3qqVjeg.kPJQuPRK5yOORqXQXcXrz62G.eEPC', 'Gabriel', 3); -- password: qmajdyhn











