INSERT INTO categories(name) VALUES ('Mouse'), ('RAM'), ('HDD'), ('SSD'), ('CPU'), ('GPU'), ('Mother Board'), ('Monitor'),('Carcasa'),('Sursa'), ('Casti');



INSERT INTO products(code, description, image_url, name, price, quantity, id_category, stock)
 VALUES ('F4-2133C15S-4GNT','Memorie G.Skill F4 4GB DDR4 2133MHz CL15','https://3.grgs.ro/images/products/1/1415042/1508458/thumbnails/f4-4gb-ddr4-2133mhz-cl15-12v-e59b5b4301e36cb391413b36afcf8a04.jpg'
 ,'RAM',23,100, 2,100),
 ('F4-2133C15S-4GNT','Memorie GOODRAM IRDM X 8GB DDR4 2666MHz CL16','https://3.grgs.ro/images/products/1/1415042/1508458/thumbnails/f4-4gb-ddr4-2133mhz-cl15-12v-e59b5b4301e36cb391413b36afcf8a04.jpg'
 ,'RAM',23,100, 2,100),
        ('F4-2133C15S-4GNT','Memorie GOODRAM IRDM X 8GB DDR4 2666MHz CL16','https://3.grgs.ro/images/products/1/1689668/1716032/normal/irdm-x-8gb-ddr4-2666mhz-cl16-e75232a1441f95c57682cfdbe51d9280.jpg'
        ,'RAM',136,100, 2,100),
        ('F4-2133C15S-4GNT','Memorie GOODRAM 8GB DDR3 1600MHz CL11 1.5v','https://5.grgs.ro/images/products/1/1053670/1131498/thumbnails/8gb-ddr3-1600mhz-cl11-15v-3575b3773e3e971709ebabfbeb4f4cf2.jpg'
        ,'RAM',280,100, 2,100),
        ('F4-2133C15S-4GNT','Memorie Patriot Viper Steel 8GB DDR4 3000MHz CL16','https://5.grgs.ro/images/products/1/1779504/1786948/thumbnails/patriot-viper-steel-ddr4-8gb-3000mhz-single-75e11600c46f7d9b3035c35466e242a0.png'
        ,'RAM',145,100, 2,100),
        ('F4-2133C15S-4GNT','Memorie Patriot Signature Line 8GB DDR3 1600MHz CL11 Dual Rank 1.5v','https://2.grgs.ro/images/products/1/480523/806495/thumbnails/signature-line-8gb-ddr3-1600mhz-cl11-dual-rank-15v-0bca999025eb0b84ec0f90536533a2b5.jpg'
        ,'RAM',165,100, 2,100),
        ('F4-2133C15S-4GNT','Memorie ADATA XPG Spectrix D50 8GB DDR4 3200MHz CL16','https://1.grgs.ro/images/products/1/9552/2486120/thumbnails/memorie-ram-adata-xpg-8gb-ddr4-3200mhz-cl16-e42d658ef357a979008db01525bb1fd3.jpg'
        ,'RAM',190,100, 2,100),
        ('F4-2133C15S-4GNT','Memorie Kingston FURY Beast 8GB DDR4 2666MHz CL16','https://1.grgs.ro/images/products/1/7169/2230710/thumbnails/fury-beast-8gb-ddr4-2666mhz-cl16-c79298790f78531559df9705c004072c.jpg'
        ,'RAM',180,100, 2,100),
        ('F4-2133C15S-4GNT','Memorie Patriot Viper Steel 8GB DDR4 3000MHz CL16','https://5.grgs.ro/images/products/1/1779504/1786948/thumbnails/patriot-viper-steel-ddr4-8gb-3000mhz-single-75e11600c46f7d9b3035c35466e242a0.png'
        ,'RAM',250,100, 2,100),
        ('F4-2133C15S-4GNT','Memorie Crucial 8GB DDR4 3200MHz CL22','https://5.grgs.ro/images/products/1/1724/2215566/thumbnails/16gb-ddr4-3200mhz-cl22-f616ca72f833abe0346211e671103206.jpg'
        ,'RAM',300,100, 2,100),
        ('F4-2133C15S-4GNT','Memorie G.Skill F4 4GB DDR4 2133MHz CL15','https://3.grgs.ro/images/products/1/1415042/1508458/thumbnails/f4-4gb-ddr4-2133mhz-cl15-12v-e59b5b4301e36cb391413b36afcf8a04.jpg'
        ,'RAM',250,100, 2,100),
        ('F4-2133C15S-4GNT','Memorie TeamGroup Elite 8GB DDR4 3200MHz CL22','https://5.grgs.ro/images/products/1/1358815/2333480/thumbnails/tp-ddr4-8gb-2400-ted48g2400c1-792d8a06ea47ad547e6c2a4f1034db78.jpg'
        ,'RAM',360,100, 2,100),
        ('F4-2133C15S-4GNT','Memorie G.Skill Aegis 8GB DDR4 3200MHz CL16','https://5.grgs.ro/images/products/1/1541210/1956426/thumbnails/aegis-8gb-ddr4-3000mhz-cl16-135v-549095585383bb53d19a7c58c95fc41c.jpg'
        ,'RAM',120,100, 2,100),
        ('F4-2133C15S-4GNT','Memorie Patriot Viper 4 Blackout 16GB DDR4 3200MHz CL16 Dual Channel','https://4.grgs.ro/images/products/1/6811/1945742/thumbnails/viper-4-blackout-16gb-ddr4-3000mhz-cl16-dual-channel-kit-c77490fd3f7cdb1e616016f38c182fa2.jpg'
        ,'RAM',120,100, 2,100),
        ('F4-2133C15S-4GNT','Memorie Corsair Vengeance RGB 64GB DDR5 5600MHz CL36 Dual Channel Kit','https://1.grgs.ro/images/products/1/8295/2527559/thumbnails/corsair-vengeance-rgb-ddr5-5600-xmp-30-cl36-64-gb-dual-kit-schwarz-ff1f15b1621afab314ca25c72a582f9b.jpg'
        ,'RAM',120,100, 2,100),
        ('F4-2133C15S-4GNT','Memorie Kingston Kingston FURY Beast 64GB DDR5 5600MHz CL40','https://2.grgs.ro/images/products/1/7754/2364808/thumbnails/ks-ddr5-64gb-k2-5600-kf556c40bbk2-64-3da3c2f4ce2e3cd837d9e10ed3978b05.jpg'
        ,'RAM',120,100, 2,100),
        ('F4-2133C15S-4GNT','Memorie G.Skill Trident Z Neo 64GB DDR4 3200MHz CL16 Dual Channel Kit','https://3.grgs.ro/images/products/1/1202/2104114/thumbnails/trident-z-neo-16gb-ddr4-3600mhz-cl18-135v-dual-channel-kit-ca064082b16a2e96c18d1a9b9229ff81.png'
        ,'RAM',120,100, 2,100),
        ('F4-2133C15S-4GNT','Memorie Patriot Viper Venom RGB 32GB DDR5 6200MHz CL40 Dual Channel Kit','https://1.grgs.ro/images/products/1/8221/2373028/thumbnails/patriot-viper-rgb-venom-32gb-ddr5-kit-2x16gb-6200mhz-cl40-40-40-40-76-135v-d63e04d351e5e73b04178fea00bcf99a.jpg'
        ,'RAM',120,100, 2,100),
        ('F4-2133C15S-4GNT','Memorie Corsair Vengeance LPX Black 64GB DDR4 3200MHz CL16 Dual Channel','https://1.grgs.ro/images/products/1/853128/1949882/thumbnails/vengeance-lpx-black-16gb-ddr4-2133mhz-cl13-dual-channel-kit-0e412d141030cd1573663ef64b0dea75.jpg'
        ,'RAM',120,100, 2,100),
        ('F4-2133C15S-4GNT','Memorie Kingston FURY Beast RGB 32GB DDR5 6000MHz CL40 Dual Channel','https://1.grgs.ro/images/products/1/710/2377796/thumbnails/fury-beast-rgb-kf560c40bbak2-32-32fcb65e9709192449c2039d064aa3d5.jpg'
        ,'RAM',120,100, 2,100),
        ('F4-2133C15S-4GNT','Memorie Corsair Vengeance 32GB DDR5 5600MHz CL36 Dual Channel Kit','https://1.grgs.ro/images/products/1/2770/2455100/thumbnails/ddr5-5600mt-s-64gb-2x32gb-dimm-unbuffered-40-40-40-77-std-pmic-amd-expo-vengeance-ddr5-cool-grey-heatspreader-black-pcb-125v-f8cbd631ac8120295b6b098bf5950480.jpg'
        ,'RAM',120,100, 2,100),


        ('F4-2133C15S-4GNT','Hard disk WD Blue 1TB SATA-III 7200 RPM 64MB','https://2.grgs.ro/images/products/1/5/376435/thumbnails/blue-1tb-sata-iii-7200-rpm-64mb-5149c8225cffe963332c7127be366c0a.jpg'
        ,'HDD',250,100, 3,100),
        ('F4-2133C15S-4GNT','Hard disk Seagate BarraCuda 1TB SATA-III 7200RPM 64MB','https://1.grgs.ro/images/products/1/1301183/1407642/thumbnails/barracuda-1tb-sata-iii-7200rpm-64mb-cf0a095d08593827efb4e6e7a0ed2d5a.jpg'
        ,'HDD',350,100, 3,100),
        ('F4-2133C15S-4GNT','Hard disk WD New Purple 1TB SATA-III IntelliPower 64MB','https://5.grgs.ro/images/products/1/1475490/1495526/thumbnails/new-purple-1tb-sata-iii-intellipower-5adf5f9f8bba370625f13024f83773dc.jpg'
        ,'HDD',220,100, 3,100),
        ('F4-2133C15S-4GNT','Hard disk Seagate BarraCuda 2TB SATA-III 7200RPM 256MB','https://5.grgs.ro/images/products/1/8674/1726212/thumbnails/barracuda-2tb-sata-iii-7200rpm-256mb-f0e26ccfd1ea1e7806dacb552cf6a1d9.jpg'
        ,'HDD',360,100, 3,100),
        ('F4-2133C15S-4GNT','Hard disk Toshiba P300 3TB SATA-III 7200 RPM 64MB bulk','https://4.grgs.ro/images/products/1/1000151/1587482/thumbnails/p300-3tb-sata-iii-7200-rpm-64mb-befbb5e0fedcb6ec26fe3cf3cbbe8390.jpg'
        ,'HDD',212,100, 3,100),
        ('F4-2133C15S-4GNT','Hard disk Seagate IronWolf 2TB SATA-III 5900RPM 64MB','https://1.grgs.ro/images/products/1/1113903/1407718/thumbnails/ironwolf-2tb-sata-iii-5900rpm-64mb-7fc2924d0efdb1f3b70d00f51ffa3466.jpg'
        ,'HDD',361,100, 3,100),
        ('F4-2133C15S-4GNT','Hard disk Seagate IronWolf 2TB SATA-III 5900RPM 64MB','https://3.grgs.ro/images/products/1/7201/2159346/thumbnails/red-plus-2tb-sata-iii-5400rpm-128mb-fb285ad22b60be7856b3b08d10724773.jpg'
        ,'HDD',212,100, 3,100),
        ('F4-2133C15S-4GNT','Hard disk Seagate IronWolf 3TB SATA-III 5400RPM 256MB','https://5.grgs.ro/images/products/1/710/2377808/thumbnails/seagate-3tb-nas-hdd-st3000vn006-636384779804a906e63ce0b1c4878f8f.jpg'
        ,'HDD',362,100, 3,100),
        ('F4-2133C15S-4GNT','Hard disk Seagate IronWolf Pro 12TB SATA-III 7200RPM 256MB','https://4.grgs.ro/images/products/1/4590/1868478/thumbnails/ironwolf-pro-12tb-sata-iii-7200rpm-256mb-ece0e9d6c6abf2d14313dcd8d65bd332.jpg'
        ,'HDD',362,100, 3,100),
        ('F4-2133C15S-4GNT','Hard disk Seagate IronWolf 12TB SATA-III 7200RPM 256MB','https://4.grgs.ro/images/products/1/2998/1868474/thumbnails/ironwolf-12tb-sata-iii-7200rpm-256mb-4bcd5285395a57229888f1d15fa28d51.jpg'
        ,'HDD',362,100, 3,100),
        ('F4-2133C15S-4GNT','Hard disk Seagate IronWolf Pro 8TB SATA-III 7200RPM 256MB','https://4.grgs.ro/images/products/1/4590/2487680/thumbnails/ironwolf-pro-8tb-sata-iii-7200rpm-256mb-ef59c9b1856077e5efcf8cca9e45d05f.jpg'
        ,'HDD',362,100, 3,100),
        ('F4-2133C15S-4GNT','Hard disk Seagate IronWolf 8TB SATA-III 7200RPM 256MB','https://5.grgs.ro/images/products/1/2998/1865358/thumbnails/ironwolf-8tb-sata-iii-7200rpm-256mb-4d5bdae959528ce421675fdbc911d65f.jpg'
        ,'HDD',362,100, 3,100),
        ('F4-2133C15S-4GNT','Hard disk Seagate BarraCuda 3TB SATA-III 5400RPM 256MB','https://4.grgs.ro/images/products/1/1025736/1530791/thumbnails/barracuda-3tb-sata-iii-5400rpm-256mb-679b4f3ee67291a0aac6f8453053c660.jpg'
        ,'HDD',362,100, 3,100),
        ('F4-2133C15S-4GNT','Hard disk Seagate SkyHawk 2TB 5900RPM SATA-III 64MB','https://5.grgs.ro/images/products/1/2998/1407690/thumbnails/skyhawk-2tb-5900rpm-sata-iii-64mb-3c83f3b6e1c207fc5a54456717d1e610.jpg'
        ,'HDD',362,100, 3,100),
        ('F4-2133C15S-4GNT','Hard disk Seagate IronWolf Pro 20TB SATA-III 7200RPM 256MB','https://1.grgs.ro/images/products/1/8221/2487692/thumbnails/sg-hdd35-20tb-7200-st20000ne000-980952f60ea59acc5708f82517ecfa2b.jpg'
        ,'HDD',362,100, 3,100),
        ('F4-2133C15S-4GNT','Hard disk Seagate IronWolf Pro 18TB SATA-III 7200RPM 256MB','https://1.grgs.ro/images/products/1/4273/2070106/thumbnails/ironwolf-pro-18tb-sata-iii-7200rpm-256mb-eb4a1d720b430291971d16cebcef73fa.jpg'
        ,'HDD',362,100, 3,100),
        ('F4-2133C15S-4GNT','Hard disk Seagate IronWolf Pro 14TB SATA-III 7200RPM 256MB','https://4.grgs.ro/images/products/1/4590/1738420/thumbnails/ironwolf-pro-14tb-sata-iii-7200rpm-256mb-b6e19267a658ae6df890da694f7ea549.jpg'
        ,'HDD',362,100, 3,100),

        ('F4-2133C15S-4GNT','SSD Kingston A400 120GB SATA-III 2.5 inch','https://3.grgs.ro/images/products/1/1427502/1487666/thumbnails/a400-120gb-sata-iii-25-inch-ace5ac38fb969418fdf46f467226e385.jpg'
        ,'SSD',120,100, 4,100),
        ('F4-2133C15S-4GNT','SSD Silicon-Power Ace A55 128GB SATA-III 2.5 inch','https://3.grgs.ro/images/products/1/1409094/1535503/thumbnails/ace-a55-128gb-sata-iii-25-inch-b998e7de1b5f0ada5f61065300310fd8.jpg'
        ,'SSD',240,100, 4,100),
        ('F4-2133C15S-4GNT','SSD ADATA SU630 240GB SATA-III 2.5 inch','https://4.grgs.ro/images/products/1/1804216/1805384/thumbnails/su630-240gb-sata-iii-25-inch-0720187331b5d30499a928ea3e1a7dcc.jpg'
        ,'SSD',320,100, 4,100),
        ('F4-2133C15S-4GNT','SSD Kingston NV2 250GB PCI Express 4.0 x4 M.2 2280','https://5.grgs.ro/images/products/1/2770/2456280/thumbnails/kingston-250gb-nv2-m2-2280-pcie-40-nvme-ssd-6724f4bd523e862533b19754deee5da9.jpg'
        ,'SSD',450,100, 4,100),
        ('F4-2133C15S-4GNT','SSD ADATA Legend 750 500GB PCI Express 3.0 x4 M.2 2280','https://5.grgs.ro/images/products/1/9544/2354148/thumbnails/adata-legend-750-500gb-pcie-m2-ssd-e36ccab79cd70331ea462f1269d4debc.jpg'
        ,'SSD',230,100, 4,100),
        ('F4-2133C15S-4GNT','SSD Samsung 870 EVO 250GB SATA-III 2.5 inch','https://4.grgs.ro/images/products/1/9395/2136430/thumbnails/870-evo-1tb-sata-iii-25-inch-13fcd8e5f2722e40e2e96e8a49645f13.jpg'
        ,'SSD',231,100, 4,100),
        ('F4-2133C15S-4GNT','SSD Silicon-Power P34A60 512GB PCI Express 3.0 x4 M.2 2280','https://2.grgs.ro/images/products/1/1261/1963134/thumbnails/p34a60-512gb-pci-express-30-x4-m2-2280-cffddd87cb7877a47ef99c20bd7001ec.jpg'
        ,'SSD',236,100, 4,100),
        ('F4-2133C15S-4GNT','SSD ADATA Legend 710 512GB PCI Express 3.0 x4 M.2 2280','https://5.grgs.ro/images/products/1/8221/2369816/thumbnails/adata-ssd-512gb-m2-pcie-legend-710-51b395e5a46db07e2c400251b165e70e.jpg'
        ,'SSD',360,100, 4,100),
        ('F4-2133C15S-4GNT','SSD Samsung 980 250GB PCI Express 3.0 x4 M.2 2280','https://4.grgs.ro/images/products/1/9395/2136430/thumbnails/870-evo-1tb-sata-iii-25-inch-13fcd8e5f2722e40e2e96e8a49645f13.jpg'
        ,'SSD',365,100, 4,100),
        ('F4-2133C15S-4GNT','SSD Crucial P3 4TB PCI Express 3.0 x4 M.2 2280','https://2.grgs.ro/images/products/1/5170/2480348/thumbnails/ct4000p3ssd8-bf989e805f4abdbaf65a46d88d666d72.jpg'
        ,'SSD',365,100, 4,100),
        ('F4-2133C15S-4GNT','SSD Samsung 870 QVO 4TB SATA-III 2.5 inch','https://4.grgs.ro/images/products/1/6440/2066870/thumbnails/870-qvo-1tb-sata-iii-25-inch-c54a8ffcc3a0d57b56f8280e58dec3f9.jpg'
        ,'SSD',365,100, 4,100),
        ('F4-2133C15S-4GNT','SSD Solidigm P44 Pro 2TB PCI Express 4.0 x4 M.2 2280','https://3.grgs.ro/images/products/1/8196/2523415/thumbnails/ssd-m2-2280-512gb-p44-pro-ssdpfkkw512h7x1-solidigm-b64495f4e38e86da3dbb58d4d18be470.jpg'
        ,'SSD',365,100, 4,100),
        ('F4-2133C15S-4GNT','SSD ADATA XPG Gammix S5 2TB PCI Express 3.0 x4 M.2 2280','https://3.grgs.ro/images/products/1/1774300/2309102/thumbnails/xpg-gammix-s5-256gb-pci-express-x4-m2-2280-12f617c47f775e5b6913c9ba36f7d290.jpg'
        ,'SSD',365,100, 4,100),
        ('F4-2133C15S-4GNT','SSD Kingston Renegade Heatsink 1TB PCI Express 4.0 x4 M.2 2280','https://4.grgs.ro/images/products/1/6008/2511679/thumbnails/ks-ssd-2tb-m2-2280-nvme-sfyrdk-2000g-84aa9f2497a5d39c8397229883cd3cf7.jpg'
        ,'SSD',365,100, 4,100),
        ('F4-2133C15S-4GNT','SSD Intel 670p Series 2TB PCI Express 3.0 x4 M.2 2280','https://5.grgs.ro/images/products/1/721/2174378/thumbnails/670p-series-512gb-pci-express-30-x4-m2-2280-05d2895369f0a229ff1edce3e4476277.jpg'
        ,'SSD',365,100, 4,100),
        ('F4-2133C15S-4GNT','SSD Samsung Portable T7 Red 1TB USB 3.2 tip C','https://1.grgs.ro/images/products/1/2528/2316636/thumbnails/portable-t7-red-500gb-usb-32-tip-c-826cf57c536464e518418ee40070075a.jpg'
        ,'SSD',365,100, 4,100),
        ('F4-2133C15S-4GNT','SSD Samsung 970 EVO Plus 1TB PCI Express 3.0 x4 M.2 2280','https://2.grgs.ro/images/products/1/6361/1798380/thumbnails/970-evo-plus-series-1tb-pci-express-x4-m2-2280-d66ca3919b4a310dcca496500b4d1208.jpg'
        ,'SSD',365,100, 4,100),
        ('F4-2133C15S-4GNT','SSD Samsung 980 1TB PCI Express 3.0 x4 M.2 2280','https://1.grgs.ro/images/products/1/4659/2161506/thumbnails/980-1tb-pci-express-30-x4-m2-2280-8fb6e0b9f191ea9116ac880c4af981ce.jpg'
        ,'SSD',365,100, 4,100),
        ('F4-2133C15S-4GNT','SSD Kingston KC3000 1TB PCI Express 4.0 x4 M.2 228','https://3.grgs.ro/images/products/1/9033/2292198/thumbnails/kc3000-512gb-pci-express-40-x4-m2-2280-535968594d6e99503bb83d1bbff7a2e6.jpg'
        ,'SSD',365,100, 4,100),

        ('F4-2133C15S-4GNT','Procesor Intel Comet Lake, Celeron G5925 3.6GHz box','https://5.grgs.ro/images/products/1/6924/2120514/thumbnails/comet-lake-celeron-g5925-36ghz-box-40dc6a717ec5260d90767dd588c86038.jpg'
        ,'CPU',1200,100, 5,100),
        ('F4-2133C15S-4GNT','Procesor AMD Ryzen 3 4100 3.8GHz box','https://1.grgs.ro/images/products/1/8387/2364764/thumbnails/100-100000510box-d894366c13c426d11fc44750ec87375e.jpg'
        ,'CPU',1600,100, 5,100),
        ('F4-2133C15S-4GNT','Procesor Intel Comet Lake, Core i3 10105F 3.7GHz box','https://3.grgs.ro/images/products/1/7201/2159338/thumbnails/comet-lake-core-i3-10105f-37ghz-box-42cdd95fe8e16e69be98b672cbcad3dc.jpg'
        ,'CPU',2500,100, 5,100),
        ('F4-2133C15S-4GNT','Procesor AMD Ryzen 3 3200G 3.6GHz box','https://4.grgs.ro/images/products/1/1275/1893902/thumbnails/ryzen-3-3200g-36ghz-box-c0261fadda251d55fc4d46d73351dc23.jpg'
        ,'CPU',2400,100, 5,100),
        ('F4-2133C15S-4GNT','Procesor Intel Comet Lake, Core i5 10400 2.9GHz box','https://4.grgs.ro/images/products/1/3041/2038114/thumbnails/comet-lake-core-i5-10400-29ghz-box-c1cefffcc66e9a3d33c171d6c730c2ba.png'
        ,'CPU',3600,100, 5,100),
        ('F4-2133C15S-4GNT','Procesor Intel Alder Lake, Core i5 12400F 2.5GHz box','https://5.grgs.ro/images/products/1/6878/2310274/thumbnails/alder-lake-core-i5-12400f-25ghz-box-d370ccc46c4a739096347df3521b757b.jpg'
        ,'CPU',2600,100, 5,100),
        ('F4-2133C15S-4GNT','Procesor AMD Ryzen 7 5800X 3.8GHz box','https://1.grgs.ro/images/products/1/9507/2102402/thumbnails/ryzen-7-5800x-38ghz-box-1b0292af425c0b74ea80f05f455e1b87.jpg'
        ,'CPU',2600,100, 5,100),
        ('F4-2133C15S-4GNT','Procesor AMD Ryzen 3 1200 3.1GHz Tray','https://4.grgs.ro/images/products/1/1363661/2287398/thumbnails/ryzen-3-1200-31ghz-tray-43a91ff00b119d3aa0edf0381586e314.jpg'
        ,'CPU',2500,100, 5,100),
        ('F4-2133C15S-4GNT','Procesor AMD Ryzen 7 5700X 3.4GHz box','https://4.grgs.ro/images/products/1/9544/2355140/thumbnails/amd-ryzen-7-5700x-box-169e6f569506a5acf930abef5324d2db.jpg'
        ,'CPU',2600,100, 5,100),
        ('F4-2133C15S-4GNT','Procesor AMD Ryzen 9 7900X3D 4.4GHz box','https://4.grgs.ro/images/products/1/8524/2571243/thumbnails/ryzen-9-7900x3d-12c-24t-440-560ghz-boxed-a1631e9e53cc82caf2b2000b69e12fe3.jpg'
        ,'CPU',2600,100, 5,100),
        ('F4-2133C15S-4GNT','Procesor Intel Alder Lake, Core i9 12900KS 3.4GHz box','https://2.grgs.ro/images/products/1/724/2351080/thumbnails/alder-lake-core-i9-12900ks-32ghz-box-3ff7ba20ea3e236a1581fbb554d84098.jpg'
        ,'CPU',2600,100, 5,100),
        ('F4-2133C15S-4GNT','Procesor Intel Raptor Lake, Core i9 13900K 3.0GHz box','https://3.grgs.ro/images/products/1/3991/2481264/thumbnails/raptor-lake-core-i9-13900k-34ghz-box-b07de29f11b8a9136205b3c581c29b68.jpg'
        ,'CPU',2600,100, 5,100),
        ('F4-2133C15S-4GNT','Procesor AMD Ryzen 9 7950X 4.5GHz box','https://3.grgs.ro/images/products/1/8524/2451320/thumbnails/ryzen-9-7950x-45ghz-box-73e7107964673d30d0aae4978663fc53.jpg'
        ,'CPU',2600,100, 5,100),
        ('F4-2133C15S-4GNT','Procesor Intel Raptor Lake, Core i9 13900 2.0GHz box','https://3.grgs.ro/images/products/1/8295/2525915/thumbnails/raptor-lake-core-i9-13900-20ghz-box-566852b8ccdfdda73b822dac127f1c44.jpg'
        ,'CPU',2600,100, 5,100),
        ('F4-2133C15S-4GNT','Procesor AMD Ryzen 9 7900X 4.7GHz box','https://5.grgs.ro/images/products/1/8524/2451324/thumbnails/ryzen-9-7900x-47ghz-box-c6592d5c866068c64628cac0fc3a972e.jpg'
        ,'CPU',2600,100, 5,100),
        ('F4-2133C15S-4GNT','Procesor Intel Raptor Lake, Core i7 13700 2.1GHz box','https://5.grgs.ro/images/products/1/8295/2525907/thumbnails/raptor-lake-core-i7-13700-21ghz-box-bc0a5064144c87361422e784a87bf5cf.jpg'
        ,'CPU',2600,100, 5,100),
        ('F4-2133C15S-4GNT','Procesor AMD Ryzen 9 5900X 3.7GHz box','https://2.grgs.ro/images/products/1/9507/2102406/thumbnails/ryzen-9-5900x-37ghz-box-c247d4989f3397ecb4fe137edb79befb.jpg'
        ,'CPU',2600,100, 5,100),
        ('F4-2133C15S-4GNT','Procesor AMD Ryzen 7 7700X 4.5GHz box','https://3.grgs.ro/images/products/1/2770/2451328/thumbnails/ryzen-7-7700x-45ghz-box-2e0a7fcf7a7cc46aac8fecc80705f5f6.jpg'
        ,'CPU',2600,100, 5,100),




        ('F4-2133C15S-4GNT','Placa video GIGABYTE GeForce GTX 1650 OC 4GB GDDR5 128-bit','https://5.grgs.ro/images/products/1/1848774/1857054/thumbnails/geforce-gtx-1650-oc-4gb-gddr5-128-bit-7a2cc05bff396cd62b251d432f8aeac2.png'
        ,'GPU',2300,100, 6,100),
        ('F4-2133C15S-4GNT','Placa video Palit GeForce GTX 1650 GP 4GB GDDR6 128-bit','https://1.grgs.ro/images/products/1/1034/2043374/thumbnails/vga-palit-gtx1650-gamingpro-4g-gddr6-dp2-b064ed77886ce763bbed80a8a0d271d2.jpg'
        ,'GPU',3200,100, 6,100),
        ('F4-2133C15S-4GNT','Placa video Gainward GeForce RTX 3060 Ghost LHR 12GB GDDR6 192-bit','https://3.grgs.ro/images/products/1/7958/2147094/thumbnails/geforce-rtx-3060-ghost-lhr-12gb-gddr6-192-bit-10919669f9935ebf7f292daf6a43b8cd.jpg'
        ,'GPU',4500,100, 6,100),
        ('F4-2133C15S-4GNT','Placa video GIGABYTE GeForce RTX 3060 LHR 12GB GDDR6 192-bit','https://3.grgs.ro/images/products/1/5113/2241666/thumbnails/geforce-rtx-3060-eagle-lhr-12gb-gddr6-192-bit-2a8f848de5e2d8fdafa50570a998fdb5.jpg'
        ,'GPU',3622,100, 6,100),
        ('F4-2133C15S-4GNT','Placa video Palit GeForce RTX 3060 Ti Dual LHR 8GB GDDR6 256-bit','https://1.grgs.ro/images/products/1/2118138/2118506/thumbnails/geforce-rtx-3060-ti-dual-8gb-gddr6-256-bit-9f0c838e1a637cee7e8873083510a44a.jpg'
        ,'GPU',3000,100, 6,100),
        ('F4-2133C15S-4GNT','Placa video Biostar Radeon RX 550 4GB GDDR5 128-bit','https://4.grgs.ro/images/products/1/7169/2230442/thumbnails/radeon-rx-550-4gb-gddr5-128-bit-196b221ce05febce704ae57c4c9c6ee8.jpg'
        ,'GPU',2500,100, 6,100),
        ('F4-2133C15S-4GNT','Placa video MSI Radeon RX 6400 Aero ITX 4GB GDDR6 64-bit','https://1.grgs.ro/images/products/1/710/2377716/thumbnails/msi-radeon-rx-6400-aero-itx-4g-9c579fea7ac2d971d532325150c51ef6.jpg'
        ,'GPU',3600,100, 6,100),
        ('F4-2133C15S-4GNT','Placa video ASUS GeForce RTX 3050 DUAL OC LHR 8GB GDDR6 128-bit','https://4.grgs.ro/images/products/1/9805/2334756/thumbnails/geforce-rtx-3050-dual-oc-lhr-8gb-gddr6-128-bit-63641329b2edb32c119a67d67c4275a9.jpg'
        ,'GPU',2500,100, 6,100),
        ('F4-2133C15S-4GNT','Placa video MSI Radeon RX 6600 MECH 2X 8GB GDDR6 128-bit','https://3.grgs.ro/images/products/1/9551/2281094/thumbnails/radeon-rx-6600-mech-2x-oc-8gb-gddr6-128-bit-dfce7399853d457f07017f99266a8e86.jpg'
        ,'GPU',1455,100, 6,100),
        ('F4-2133C15S-4GNT','Placa video MSI GeForce RTX 4080 SUPRIM X 16GB GDDR6X 256-bit','https://2.grgs.ro/images/products/1/6008/2508975/thumbnails/geforce-rtx-4080-suprim-x-5ec361cc6f312eaa2f9029e55c2d2389.jpg'
        ,'GPU',1455,100, 6,100),
        ('F4-2133C15S-4GNT','Placa video MSI GeForce RTX 4080 GAMING X TRIO 16GB GDDR6X 256-bit','https://4.grgs.ro/images/products/1/6008/2512527/thumbnails/geforce-rtx-4080-16gb-gaming-x-trio-40502f36a31b5df9599bdb9429647adc.jpg'
        ,'GPU',1455,100, 6,100),
        ('F4-2133C15S-4GNT','Placa video GIGABYTE GeForce RTX 4080 EAGLE OC 16GB GDDR6X 256-bit','https://1.grgs.ro/images/products/1/6995/2508111/thumbnails/geforce-rtx-4080-eagle-oc-16g-16gb-gddr6x-hdmi-3x-dp-c3dacadab98c0e31f29acf08d10d849a.jpg'
        ,'GPU',1455,100, 6,100),
        ('F4-2133C15S-4GNT','Placa video ASUS Radeon RX 7900 XTX TUF GAMING 24GB GDDR6 384-bit','https://5.grgs.ro/images/products/1/9301/2554019/thumbnails/tuf-rx7900xtx-o24g-28e62db7dfcd2bbd10fb02b4628cb413.jpg'
        ,'GPU',1455,100, 6,100),
        ('F4-2133C15S-4GNT','Placa video Sapphire Nitro+ Radeon RX 7900 XTX Vapor-X 24GB GDDR6 384-bit','https://1.grgs.ro/images/products/1/45/2549651/thumbnails/nitro-plus-radeon-rx-7900-xtx-vapor-x-24gb-gddr6-384-bit-58b803771922a2737002cd047f36c33e.jpg'
        ,'GPU',1455,100, 6,100),
        ('F4-2133C15S-4GNT','Placa video PowerColor Radeon RX 7900 XTX Red Devil 24GB GDDR6 384-bit','https://3.grgs.ro/images/products/1/2216/2532111/thumbnails/radeon-rx-7900-xtx-red-devil-24gb-gddr6-384-bit-0f0484d5ee06e39d0dbd29f2bd51cef5.jpg'
        ,'GPU',1455,100, 6,100),
        ('F4-2133C15S-4GNT','Placa video Sapphire Nitro+ Radeon RX 7900 XT Vapor-X 20GB GDDR6 320-bit','https://2.grgs.ro/images/products/1/9301/2551911/thumbnails/nitro-plus-radeon-rx-7900-xt-vapor-x-20gb-gddr6-320-bit-829e0cc7354416bd8797ca65e143eed4.jpg'
        ,'GPU',1455,100, 6,100),
        ('F4-2133C15S-4GNT','Placa video PowerColor Radeon RX 7900 XT Red Devil 20GB GDDR6 320-bit','https://4.grgs.ro/images/products/1/8196/2521823/thumbnails/radeon-rx-7900-xt-red-devil-20gb-gddr6-hdmi-3x-dp-8ac74afb5656adfd56bf0764fe352f24.jpg'
        ,'GPU',1455,100, 6,100),
        ('F4-2133C15S-4GNT','Placa video Sapphire Radeon RX 7900 XT Pulse 20GB GDDR6 320-bit','https://3.grgs.ro/images/products/1/9301/2551915/thumbnails/radeon-rx-7900-xt-pulse-20gb-gddr6-320-bit-c72d919f380518dce5bc3df044a24785.jpg'
        ,'GPU',1455,100, 6,100),
        ('F4-2133C15S-4GNT','Placa video GIGABYTE Radeon RX 7900 XT GAMING OC 20GB GDDR6 320-bit','https://2.grgs.ro/images/products/1/2216/2533151/thumbnails/gb-radeon-rx7900-xt-gaming-oc-20g-e5efe8aae294e5c831100fa168af0090.jpg'
        ,'GPU',1455,100, 6,100),



        ('F4-2133C15S-4GNT','Placa de baza ASUS PRIME H310M-K R2.0','https://3.grgs.ro/images/products/1/5015/1772992/thumbnails/prime-h310m-k-r20-ee27e813e8d0c1a1e94b328ef1d4b5be.jpg'
        ,'Board',1400,100, 7,100),
        ('F4-2133C15S-4GNT','Placa de baza ASUS PRIME H310M-R R2.0','https://5.grgs.ro/images/products/1/1804216/1768500/thumbnails/h310m-r-r20-ec662ea4b7460dba316dc3893b3e1146.jpg'
        ,'Board',1200,100, 7,100),
        ('F4-2133C15S-4GNT','Placa de baza GIGABYTE H410M H V3','https://5.grgs.ro/images/products/1/1724/2215614/thumbnails/h410m-h-v3-1c84950a38b7b1cd4585dfc1bab5f417.jpg'
        ,'Board',1500,100, 7,100),
        ('F4-2133C15S-4GNT','Placa de baza ASRock H510M-HVS R2.0','https://2.grgs.ro/images/products/1/4659/2241034/thumbnails/h510m-hvs-7d3ee31c4da706ad18832902c7c05339.jpg'
        ,'Board',2500,100, 7,100),
        ('F4-2133C15S-4GNT','Placa de baza GIGABYTE Z590 GAMING X','https://3.grgs.ro/images/products/1/9395/2134686/thumbnails/z590-gaming-x-45c1e55d7c60e37b636c0c0c23aaf352.jpg'
        ,'Board',1200,100, 7,100),
        ('F4-2133C15S-4GNT','Placa de baza GIGABYTE B660M GAMING X DDR4','https://4.grgs.ro/images/products/1/9805/2335920/thumbnails/gigabyte-b660m-gaming-x-ddr4-lga-1700-1xhdmi-1xdp-4xsata-6gb-s-cdcc5193a300b596077a47676d94c2cf.jpg'
        ,'Board',1400,100, 7,100),
        ('F4-2133C15S-4GNT','Placa de baza GIGABYTE B550 AORUS ELITE V2','https://3.grgs.ro/images/products/1/4917/2068982/thumbnails/b550-aorus-elite-v2-d5f73fdc77512e76f582123fcd0ab811.png'
        ,'Board',1800,100, 7,100),
        ('F4-2133C15S-4GNT','Placa de baza ASRock Z790 PRO RS/D4','https://2.grgs.ro/images/products/1/7985/2490152/thumbnails/z790-pro-rs-d4-608a8c22edd3d979f41b279b207c739d.jpg'
        ,'Board',2100,100, 7,100),
        ('F4-2133C15S-4GNT','Placa de baza ASRock B650E PG RIPTIDE WIFI','https://4.grgs.ro/images/products/1/9552/2486548/thumbnails/b650e-pg-riptide-wifi-0eca9ea1821c610b2e532a5fc87589e7.jpg'
        ,'Board',1200,100, 7,100),

        ('F4-2133C15S-4GNT','Mouse Gaming AQIRYS Acrux','https://4.grgs.ro/images/products/1/352/2125886/thumbnails/acrux-d6a7f73caf16cd53f3147963e4a8f0c4.jpg'
        ,'Mouse',23,100, 1,100),
        ('F4-2133C15S-4GNT','Mouse Logitech MX Master 3 Wireless/Bluetooh, Black','https://1.grgs.ro/images/products/1/2001/2251302/thumbnails/910-005710-a108291fc68e434b0ef0f7d00af3124c.jpg'
        ,'Mouse',23,100, 1,100),
        ('F4-2133C15S-4GNT','Mouse Gaming Redragon TitanoBoa2 V2 RGBTip mouse: Wired','https://5.grgs.ro/images/products/1/3395/2294886/thumbnails/titanoboa2-v2-rgb-fcf4203958eef4166db4fe4250323792.jpg'
        ,'Mouse',45,100, 1,100),
        ('F4-2133C15S-4GNT','Mouse Gaming Redragon Impact Elite RGB Wireless','https://3.grgs.ro/images/products/1/3991/2481608/thumbnails/impact-elite-rgb-wireless-cc321bd21930045c334a3b2f319432e1.jpg'
        ,'Mouse',120,100, 1,100),
        ('F4-2133C15S-4GNT','Mouse ASUS UT280 Black','https://3.grgs.ro/images/products/1/1088254/1427910/thumbnails/ut280-black-79812ce7ab79f749820bb6f291a6a0e7.jpg'
        ,'Mouse',60,100, 1,100),
        ('F4-2133C15S-4GNT','Mouse Logitech M185, Wireless, Red','https://5.grgs.ro/images/products/1/5/270249/thumbnails/m185-red-35c83e9f058bd3c8b43fce47dcae336c.jpg'
        ,'Mouse',80,100, 1,100),
        ('F4-2133C15S-4GNT','Mouse Logitech M185, Wireless, Blue','https://4.grgs.ro/images/products/1/4/270247/thumbnails/m185-blue-fddb91f584e58054e5fcbae98dfd4421.jpg'
        ,'Mouse',80,100, 1,100),
        ('F4-2133C15S-4GNT','Mouse HP 200 Black','https://1.grgs.ro/images/products/1/472773/1451142/thumbnails/200-black-a8fb3be311b1ebee697136e7bb5c5b2d.jpg'
        ,'Mouse',45,100, 1,100),
        ('F4-2133C15S-4GNT','Mouse Microsoft Wireless Mobile 1850 Black','https://3.grgs.ro/images/products/1/862955/869194/thumbnails/mobile-1850-black-eadfb882d2186b7c16c71c9f80837f67.jpg'
        ,'Mouse',32,100, 1,100),

        ('F4-2133C15S-4GNT','Monitor LED ViewSonic Gaming  Curbat 23.6 inch FHD VA 1 ms 165 Hz','https://1.grgs.ro/images/products/1/75/2439344/thumbnails/gaming-vx2418c-curbat-238-inch-fhd-va-1-ms-165-hz-freesync-premium-c940fd7352f9943958e7675928f3b2bf.jpg'
        ,'Monitor',2400,100, 8,100),
        ('F4-2133C15S-4GNT','Monitor LED LG Gaming  23.8 inch FHD IPS 5 ms 75 Hz FreeSync','https://5.grgs.ro/images/products/1/1642372/1648688/thumbnails/gaming-22mk430h-215-inch-5-ms-black-free-sync-75hz-9b240323c84bd034a6a94670e70d0a96.jpg'
        ,'Monitor',3600,100, 8,100),
        ('F4-2133C15S-4GNT','Monitor LED Acer Gaming VG270 27 inch FHD IPS 1 ms 75 Hz FreeSync','https://2.grgs.ro/images/products/1/1723568/1726852/thumbnails/gaming-vg270bmiix-27-inch-1-ms-black-freesync-75-hz-ea27d4b0fa2c900bf07f8437519b5cc8.jpg'
        ,'Monitor',2500,100, 8,100),
        ('F4-2133C15S-4GNT','Monitor LED Acer Gaming PG1 23.8 inch FHD VA 1 ms 144 Hz','https://2.grgs.ro/images/products/1/1154/2413832/thumbnails/pg1-238-inch-fhd-va-1-ms-144-hz-freesync-premium-a1c30d09f4e114794f692b5084c7b065.jpg'
        ,'Monitor',2600,100, 8,100),
        ('F4-2133C15S-4GNT','Monitor LED ViewSonic  23.8 inch FHD VA 4 ms 60 Hz','https://2.grgs.ro/images/products/1/6878/2309410/thumbnails/va2406-h-238-inch-fhd-va-4-ms-60-hz-a1576fc75558f64d3695cc397da65a2e.jpg'
        ,'Monitor',1200,100, 8,100),
        ('F4-2133C15S-4GNT','Monitor LED DELL  23.8 inch FHD VA 5 ms 75 Hz FreeSync','https://5.grgs.ro/images/products/1/7132/2239838/thumbnails/se2422h-238-inch-5-ms-negru-freesync-75-hz-098b953d3a928735461c53e7f13a632e.jpg'
        ,'Monitor',1500,100, 8,100),
        ('F4-2133C15S-4GNT','Monitor LED Tesla 24MC625BF 23.8 inch FHD IPS 5 ms 75 Hz','https://3.grgs.ro/images/products/1/710/2380220/thumbnails/24mc625bf-238-inch-fhd-ips-5-ms-75-hz-freesync-4d7d11e6ea8e6aa1386d232d737b371a.jpg'
        ,'Monitor',2500,100, 8,100),
        ('F4-2133C15S-4GNT','Monitor LED Acer V247Y 23.8 inch FHD IPS 4 ms 75 Hz','https://2.grgs.ro/images/products/1/4960/2403988/thumbnails/v247y-238-inch-fhd-ips-4-ms-75-hz-771c1ef195affe86e2e4e7a9697a71e6.jpg'
        ,'Monitor',1586,100, 8,100),



        ('F4-2133C15S-4GNT','Carcasa Floston RED BARS','https://3.grgs.ro/images/products/1/1457254/1502254/thumbnails/red-bars-26d6a2fe310e2dae66435364f697ee13.jpg'
        ,'Carcasa',145,100, 9,100),
        ('F4-2133C15S-4GNT','Carcasa Redragon Devastator','https://5.grgs.ro/images/products/1/6769/2109646/thumbnails/devastator-e0ae8f000690ff0345a8853e2734fdcd.jpg'
        ,'Carcasa',145,100, 9,100),
        ('F4-2133C15S-4GNT','Carcasa AQIRYS Bellatrix Pro White','https://4.grgs.ro/images/products/1/6878/2308718/thumbnails/bellatrix-pro-white-c730f5413c2974d2b5178bef99a1e96c.jpg'
        ,'Carcasa',167,100, 9,100),
        ('F4-2133C15S-4GNT','Carcasa Floston Blue Style','https://5.grgs.ro/images/products/1/1034/2046126/thumbnails/blue-style-6fa77d6f469b0b70d5f4ecc34c3abedc.jpg'
        ,'Carcasa',184,100, 9,100),
        ('F4-2133C15S-4GNT','Carcasa Floston Dark Brushed RGB','https://4.grgs.ro/images/products/1/1977958/1988478/thumbnails/dark-brushed-rgb-f29a08737a51f1ff7de64e37da3e21ff.jpg'
        ,'Carcasa',145,100, 9,100),
        ('F4-2133C15S-4GNT','Carcasa Gamemax Typhoon COC','https://3.grgs.ro/images/products/1/1240/2331908/thumbnails/typhoon-oc-c303473062273a6c6e5334031c324cca.jpg'
        ,'Carcasa',217,100, 9,100),
        ('F4-2133C15S-4GNT','Carcasa Segotep LUX II Black RGB','https://4.grgs.ro/images/products/1/7958/2149150/thumbnails/lux-ii-black-rgb-90d863d384a78c8e3b14487455d0c3e6.jpg'
        ,'Carcasa',145,100, 9,100),
        ('F4-2133C15S-4GNT','Carcasa Segotep Nova S6 Black','https://3.grgs.ro/images/products/1/6878/2308638/thumbnails/nova-s6-black-9c0982ae4a71e3c673897f94274886d6.jpg'
        ,'Carcasa',230,100, 9,100),
        ('F4-2133C15S-4GNT','Carcasa ALPHAGEAR Sentinel ARGB','https://1.grgs.ro/images/products/1/7958/2149846/thumbnails/sentinel-argb-a4ddbe09ec82b4b4c7bce4c88bf1cfe4.jpg'
        ,'Carcasa',268,100, 9,100),
        ('F4-2133C15S-4GNT','Carcasa AQIRYS Canopus White ARGB','https://4.grgs.ro/images/products/1/1724/2219078/thumbnails/canopus-white-argb-7dd918b97219b0398a64c0b6d04c58d3.jpg'
        ,'Carcasa',145,100, 9,100),


        ('F4-2133C15S-4GNT','Sursa Segotep ATX-500WH','https://2.grgs.ro/images/products/1/4/260785/thumbnails/atx-500wh-5c5322b52a93467de39bb1993c1b021d.jpg'
        ,'Sursa',145,100, 10,100),
        ('F4-2133C15S-4GNT','Sursa Floston FL500 Extra','https://4.grgs.ro/images/products/1/5/376201/thumbnails/fl500-extra-22bfe990c70298dae910721f50eda969.jpg'
        ,'Sursa',145,100, 10,100),
        ('F4-2133C15S-4GNT','Sursa AQIRYS Pulsar, 80+ Bronze, 750W','https://4.grgs.ro/images/products/1/5113/2139458/thumbnails/pulsar-80-plus-bronze-750w-07e71f531aa064634a914bcf8875461e.jpg'
        ,'Sursa',226,100, 10,100),
        ('F4-2133C15S-4GNT','Sursa Aerocool LUX RGB, 80+ Bronze, 650W','https://3.grgs.ro/images/products/1/753/1818980/thumbnails/lux-rgb-80-plus-bronze-550w-deb8cc6ff8507be22a27708bf85985fe.png'
        ,'Sursa',145,100, 10,100),
        ('F4-2133C15S-4GNT','Sursa Gamemax VP-800-RGB, 80+ Bronze, 800W','https://1.grgs.ro/images/products/1/3026/2132666/thumbnails/vp-800-rgb-80-plus-bronze-800w-74b5db9f78b39ac0562b689362649b79.jpg'
        ,'Sursa',256,100, 10,100),
        ('F4-2133C15S-4GNT','Sursa PCCOOLER GI-BR700, 80+ Bronze, 700W','https://5.grgs.ro/images/products/1/7571/2325016/thumbnails/gi-br700-80-plus-bronze-700w-92346a88869865bfc65fea954f9f1d80.jpg'
        ,'Sursa',145,100, 10,100),
        ('F4-2133C15S-4GNT','Sursa Seasonic G12 GC-550, 80+ Gold, 550W','https://4.grgs.ro/images/products/1/4659/2162506/thumbnails/g12-gc-550-80-plus-gold-550w-53e77fea10e7ed382844ecf36d1599d0.jpg'
        ,'Sursa',324,100, 10,100),
        ('F4-2133C15S-4GNT','Sursa Redragon RGPS650W, 80+ Gold, 650W','https://4.grgs.ro/images/products/1/3395/2294874/thumbnails/rgps650w-80-plus-gold-650w-89610c948bde0f0c62a2f1e266a4daaa.jpg'
        ,'Sursa',145,100, 10,100),
        ('F4-2133C15S-4GNT','Sursa Seasonic G12 GM-550, 80+ Gold, 550W','https://1.grgs.ro/images/products/1/2948/2430604/thumbnails/g12-gm-550-series-80-plus-gold-a5e6bca1ed9743da7ce7f6cd6e5fb219.jpg'
        ,'Sursa',145,100, 10,100),
        ('F4-2133C15S-4GNT','Sursa Inaza Fusion, 80+ Gold, 700W','https://2.grgs.ro/images/products/1/2510/2237914/thumbnails/sursa-inaza-fusion-700w-71a9b88f9ea0552a2239e2d8f7540ab7.jpg'
        ,'Sursa',145,100, 10,100),

        ('F4-2133C15S-4GNT','Casti Gaming Corsair Virtuoso RGB Carbon Wireless','https://3.grgs.ro/images/products/1/6166/1949666/thumbnails/virtuoso-rgb-carbon-wireless-72304c553ce6fcab14f5d893770f09ad.png'
        ,'Casti',989,100, 11,100),
        ('F4-2133C15S-4GNT','Casti Gaming ASUS ROG Delta S RGB','https://1.grgs.ro/images/products/1/9395/2135238/thumbnails/casti-gaming-asus-rog-delta-s-iluminare-rgb-8c2f6b583442f15082da9f988068ac06.jpg'
        ,'Casti',999,100, 11,100),
        ('F4-2133C15S-4GNT','Casti Gaming Logitech G735 Lightspeed Wireless RGB White','https://5.grgs.ro/images/products/1/1862/2447912/thumbnails/981-001083-afaa06382eee05766feaad2e42017a97.jpg'
        ,'Casti',1980,100, 11,100),
        ('F4-2133C15S-4GNT','Casti Gaming Logitech G PRO X Wireless Lightspeed','https://5.grgs.ro/images/products/1/6954/2060402/thumbnails/g-pro-x-wireless-lightspeed-90c33ec200d0803a46556093e88e3c26.jpg'
        ,'Casti',809,100, 11,100),
        ('F4-2133C15S-4GNT','Casti Gaming SkullCandy PLYR Black DigiHype','https://2.grgs.ro/images/products/1/6995/2506759/thumbnails/s6ppy-p003-400b4eddf8d290df8e4b288affb2df33.jpg'
        ,'Casti',699,100, 11,100),
        ('F4-2133C15S-4GNT','Casti Gaming Alienware AW510H Lunar Light','https://5.grgs.ro/images/products/1/1990682/1994022/thumbnails/aw510h-lunar-light-798d86c9d97a1690ba876c93e239e5c6.jpg'
        ,'Casti',599,100, 11,100),
        ('F4-2133C15S-4GNT','Casti Gaming SkullCandy SLYR Pro Blue Digi Hype','https://5.grgs.ro/images/products/1/6995/2506787/thumbnails/slyr-pro-blue-digi-hype-d54ed28a993d6599d708d74be201213b.jpg'
        ,'Casti',620,100, 11,100),
        ('F4-2133C15S-4GNT','Casti Gaming SkullCandy SLYR Pro Black DigiHype','https://4.grgs.ro/images/products/1/6995/2506767/thumbnails/s6spy-p003-6f87b55cf77b12949ab91420ba10df59.jpg'
        ,'Casti',499,100, 11,100),
        ('F4-2133C15S-4GNT','Casti Gaming SPC Gear VIRO Plus','https://5.grgs.ro/images/products/1/6954/2060418/thumbnails/viro-plus-0f78032e4559a4dc7e9dddb5da45332c.jpg'
        ,'Casti',182,100, 11,100);



INSERT INTO roles(name) VALUES ('ROLE_USER'), ('ROLE_ADMIN'),('ROLE_EMPLOYEE');


-- Memorii RAM
INSERT INTO  mouse_detailS(color, interface_mouse, name, sensor, id_product) VALUES ('Black', 'Laser', 'Mouse gaming','optic', 104),
                                                                                    ('Negru', 'Bluetooth,USB ', 'Mouse Logitech MX Master 3','Optic', 105),
                                                                                    ('Negru', 'USB', 'Mouse Gaming Redragon TitanoBoa2 V2 RGB','Optic', 106),
                                                                                    ('Negru', 'USB', 'Mouse Gaming Redragon Impact Elite RGB Wireless','Optic', 107),
                                                                                    ('Rosu', 'USB', 'Mouse Logitech M185','Optic', 108),
                                                                                    ('Albastru', 'USB', 'Mouse Logitech M185, Wireless, Blue','Optic', 109),
                                                                                    ('Albstaru', 'USB', 'Mouse Logitech M185, Wireless, Blue','Optic', 110),
                                                                                    ('Negru', 'USB', 'Mouse HP 200 Black','Optic', 111),
                                                                                    ('Albastru', 'USB', 'Mouse Microsoft Wireless Mobile 1850 Black','Optic', 112);


INSERT INTO ram_details(name, code, warrant, for_gaming, type , capacity, frequent, latency, standard, voltage, timing, id_product )
VALUES ('Memorie G.Skill F4 4GB DDR4 2133MHz CL15','F4-2133C15S-4GNT','24 luni','Da','DDR4','4 GB','2133 MHz','15 CL','PC4-17000','1.2 V','15-15-15-35',1),
       ('Memorie GOODRAM IRDM X 8GB DDR4 2666MHz CL16','IR-X2666D464L16S/8G','24 luni','Da','DDR4','8 GB','2666 MHz','16 CL','PC4-21300','1.2 V','16-18-18',2),
       ('Memorie GOODRAM IRDM X 8GB DDR4 2666MHz CL16','IR-X2666D464L16S/8G','24 luni','Da','DDR4','8 GB','2666 MHz','16 CL','PC4-21300','1.2 V','16-18-18',3),
       ('Memorie GOODRAM 8GB DDR3 1600MHz CL11 1.5v','IR-X2666D464L16S/8G','24 luni','Da','DDR3','8 GB','2666 MHz','11 CL','PC4-21300','1.2 V','16-18-18',4),
       ('Memorie Patriot Viper Steel 8GB DDR4 3000MHz CL16','PVS48G300C6','24 luni','Da','DDR4','8 GB','3000 MHz','16 CL','PC4-24000','1.35 V','16-18-18-36',5),
       ('Memorie Patriot Signature Line 8GB DDR3 1600MHz CL11 1.5v','PSD38G16002','24 luni','Nu','DDR3','8 GB','1600 MHz','11 CL','PC3-12800','1.5 V','16-18-18',6),
       ('Memorie ADATA XPG Spectrix D50 8GB DDR4 3200MHz CL16','AX4U32008G16A-ST41','24 luni','Da','DDR4','8 GB','3200 MHz','16 CL','PC4-25600','1.35 V','16-18-18',7),
       ('Memorie Kingston FURY Beast 8GB DDR4 2666MHz CL16','KF426C16BB/8','24 luni','Da','DDR4','8 GB','2666 MHz','16 CL','PC4-21300','1.2 V','16-18-18',8),
       ('Memorie Patriot Viper Steel 8GB DDR4 3000MHz CL16','PVS48G300C6','24 luni','Da','DDR4','8 GB','3000 MHz','16 CL','PC4-24000','1.35 V','16-18-18-36',9),
       ('Memorie Crucial 8GB DDR4 3200MHz CL22','CT8G4DFRA32A','24 luni','DDR4','Nu','DDR4','8 GB','3200 MHz','22 CL','1.2V','PC4-25600',10),
       ('Memorie G.Skill F4 4GB DDR4 2133MHz CL15','F4-2133C15S-4GNT','24 luni','Da','DDR4','4 GB','2133 MHz','15 CL','PC4-17000','1.2 V','15-15-15-35',11),
       ('Memorie TeamGroup Elite 8GB DDR4 3200MHz CL22','TED48G3200C2201','24 luni','Da','DDR4','8 GB','3200 MHz','22 CL','PC4-25600','1.2 V','22-22-22-52',12),
       ('Memorie G.Skill Aegis 8GB DDR4 3200MHz CL16','F4-3200C16S-8GIS','24 luni','Da','DDR4','8 GB','3200 MHz','16 CL','PC4-25600','1.35 V','16-18-18-38',13),
       ('Memorie Patriot Viper 4 Blackout 16GB DDR4 3200MHz CL16 Dual Channel Kit','PVB416G320C6K','24 luni','Da','DDR4','16 GB','3200 MHz','16 CL','PC4-25600','1.35 V','16-18-18-36',14),
       ('Memorie Corsair Vengeance RGB 64GB DDR5 5600MHz CL36 Dual Channel Kit','CMH64GX5M2B5600C36','24 luni','Da','DDR5','64 GB','5600 MHz','36 CL','PC4-25600','1.25 V','16-18-18-36',15),
       ('Memorie Kingston Kingston FURY Beast 64GB DDR5 5600MHz CL40 Dual Channel Kit','KF556C40BBK2-64','24 luni','Da','DDR5','64 GB','5600 MHz','40 CL','PC5-48000U','1.25 V','40-40-40',16),
       ('Memorie G.Skill Trident Z Neo 64GB DDR4 3200MHz CL16 Dual Channel Kit','F4-3200C16D-64GTZN','24 luni','Da','DDR4','64 GB','3200 MHz','16 CL','PC4-25600','1.35 V','16-18-18-38',17),
       ('Memorie Patriot Viper Venom RGB 32GB DDR5 6200MHz CL40 Dual Channel Kit','PVVR532G620C40K','24 luni','Da','DDR5','32 GB','6200 MHz','40 CL','PC5-49600','1.35 V','40-40-40-76',18),
       ('Memorie Corsair Vengeance LPX Black 64GB DDR4 3200MHz CL16 Dual Channel Kit','CMK64GX4M2E3200C16','24 luni','Da','DDR4','64 GB','3200 MHz','16 CL','PC4-25600','1.35 V','16-20-20-38',19),
       ('Memorie Kingston FURY Beast RGB 32GB DDR5 6000MHz CL36','KF560C36BBEA-32','24 luni','DDR5','32 GB','6000 MHz','36 CL','PC5-48000U','1.35 V','16 CL','16-20-20-38',20),
       ('Memorie Corsair Vengeance 32GB DDR5 5600MHz CL36 Dual Channel Kit','CMK32GX5M2B5600C36','24 luni','Da','DDR5','32 GB','5600 MHz','36 CL','PC5-44800U','1.25 V','36-36-36-76',21);

INSERT INTO hdd_details(name, code, warrant, interfaces, capacity,buffer,speed,id_product)
VALUES ('Hard disk WD Blue 1TB SATA-III 7200 RPM 64MB','ST1000DM010','24 luni','SATA-III','1 TB','64 MB','7200 RPM',22),
       ('Hard disk Seagate BarraCuda 1TB SATA-III 7200RPM 64MB','ST1000DM010','24 luni','SATA-III','1 TB','64 MB','7200 RPM',23),
       ('Hard disk WD New Purple 1TB SATA-III IntelliPower 64MB','WD10PURZ','24 luni','SATA-III','1 TB','64 MB','5400 RPM',24),
       ('Hard disk Seagate BarraCuda 2TB SATA-III 7200RPM 256MB','ST2000DM008','24 luni','SATA-III','2 TB','256 MB','7200 RPM',25),
       ('Hard disk Toshiba P300 3TB SATA-III 7200 RPM 64MB bulk','HDWD130UZSVA','24 luni','SATA-III','3 TB','64 MB','7200 RPM',26),
       ('Hard disk Seagate IronWolf 2TB SATA-III 5900RPM 64MB','ST2000VN004','24 luni','SATA-III','2 TB','64 MB','5900 RPM',27),
       ('Hard disk Seagate IronWolf 2TB SATA-III 5900RPM 64MB','ST2000VN004','24 luni','SATA-III','2 TB','64 MB','5900 RPM',28),
       ('Hard disk Seagate IronWolf 3TB SATA-III 5400RPM 256MB','ST3000VN006','24 luni','SATA-III','3 TB','256 MB','5400 RPM',29),
       ('Hard disk Seagate IronWolf Pro 12TB SATA-III 7200RPM 256MB','ST12000NE0008','24 luni','SATA-III','12 TB','256 MB','7200 RPM',30),
       ('Hard disk Seagate IronWolf 12TB SATA-III 7200RPM 256MB','ST12000VN0008','24 luni','SATA-III','12 TB','256 MB','7200 RPM',31),
       ('Hard disk Seagate IronWolf Pro 8TB SATA-III 7200RPM 256MB','ST8000NT001','24 luni','SATA-III','8 TB','256 MB','7200 RPM',32),
       ('Hard disk Seagate IronWolf 8TB SATA-III 7200RPM 256MB','ST8000VN004','24 luni','SATA-III','8 TB','256 MB','7200 RPM',33),
       ('Hard disk Seagate BarraCuda 3TB SATA-III 5400RPM 256MB','ST3000DM007','24 luni','SATA-III','3 TB','256 MB','5400 RPM',34),
       ('Hard disk Seagate SkyHawk 2TB 5900RPM SATA-III 64MB','ST2000VX008','24 luni','SATA-III','2 TB','64 MB','5900 RPM',35),
       ('Hard disk Seagate IronWolf Pro 20TB SATA-III 7200RPM 256MB','ST20000NT001','24 luni','SATA-III','20 TB','256 MB','7200 RPM',36),
       ('Hard disk Seagate IronWolf Pro 18TB SATA-III 7200RPM 256MB','ST18000NT001','24 luni','SATA-III','18 TB','256 MB','7200 RPM',37),
       ('Hard disk Seagate IronWolf Pro 14TB SATA-III 7200RPM 256MB','ST14000NE0008','24 luni','SATA-III','14 TB','256 MB','7200 RPM',38);


INSERT INTO ssd_details(name, code, warrant,tipssd, form_factor, interfaces, nvme, capacity, controller, read_max,write_max, id_product)
VALUES ('SSD Kingston A400 120GB SATA-III 2.5 inch','SA400S37/120G','24 luni','Intern','2.5 inch','SATA-III','Nu','120 GB','Phison S11','500 MB/s','320 MB/s',39),
       ('SSD Silicon-Power Ace A55 128GB SATA-III 2.5 inch','SP128GBSS3A55S25','24 luni','Intern','2.5 inch','SATA-III','Nu','128 GB','Phison','550 MB/s','420 MB/s',40),
       ('SSD ADATA SU630 240GB SATA-III 2.5 inch','ASU630SS-240GQ-R','24 luni','Intern','2.5 inch','SATA-III','Nu','240 GB','Phison','520 MB/s','450 MB/s',41),
       ('SSD Kingston NV2 250GB PCI Express 4.0 x4 M.2 2280','SNV2S/250G','24 luni','Intern','M.2','PCI Express 3.0 x4','Da','250 GB','-','3000 MB/s','1300 MB/s',42),
       ('SSD ADATA Legend 750 500GB PCI Express 3.0 x4 M.2 2280','ALEG-750-500GCS','24 luni','Intern','M.2','PCI Express 3.0 x4','Da','500 GB','-','3350 MB/s','2450 MB/s',43),
       ('SSD Samsung 870 EVO 250GB SATA-III 2.5 inch','MZ-77E250B/EU','24 luni','Intern','2.5 inch','SATA-III','Nu','250 GB','Samsung MKX','560 MB/s','530 MB/s',44),
       ('SSD Silicon-Power P34A60 512GB PCI Express 3.0 x4 M.2 2280','SP512GBP34A60M28','24 luni','Intern','M.2','PCI Express 3.0 x4','Da','512 GB','-','2200 MB/s','1600 MB/s',45),
       ('SSD ADATA Legend 710 512GB PCI Express 3.0 x4 M.2 2280','ALEG-710-512GCS','24 luni','Intern','M.2','PCI Express 3.0 x4','Nu','512 GB','-','2400 MB/s','1800 MB/s',46),
       ('SSD Samsung 980 250GB PCI Express 3.0 x4 M.2 2280','MZ-V8V250BW','24 luni','Intern','M.2','PCI Express 3.0 x4','Da','250 GB','Samsung Pablo','2900 MB/s','1300 MB/s',47),
       ('SSD Crucial P3 4TB PCI Express 3.0 x4 M.2 2280','CT4000P3SSD8','24 luni','Intern','M.2','PCI Express 3.0 x4','Da','4 TB','-','3500 MB/s','3000 MB/s',48),
       ('SSD Samsung 870 QVO 4TB SATA-III 2.5 inch','MZ-77Q4T0BW','24 luni','Intern','2.5 inch','SATA-III','Nu','4 TB','Samsung MKX','560 MB/s','530 MB/s',49),
       ('SSD Solidigm P44 Pro 2TB PCI Express 4.0 x4 M.2 2280','SSDPFKKW020X7X1','24 luni','Intern','M.2','PCI Express 4.0 x4','Da','2TB','-','7000 MB/s','6500 MB/s',50),
       ('SSD ADATA XPG Gammix S5 2TB PCI Express 3.0 x4 M.2 2280','AGAMMIXS5-2TT-C','24 luni','Intern','M.2','PCI Express 3.0 x4','Da','2 TB','-','2100 MB/s','1500 MB/s',51),
       ('SSD Kingston Renegade Heatsink 1TB PCI Express 4.0 x4 M.2 2280','SFYRSK/1000G','24 luni','Intern','M.2','PCI Express 4.0 x4','Da','1 TB','Phison E18','7300 MB/s','6000 MB/s',52),
       ('SSD Intel 670p Series 2TB PCI Express 3.0 x4 M.2 2280','SSDPEKNU020TZX1','24 luni','Intern','M.2','PCI Express 3.0 x4','Da','2 TB','-','3500 MB/s','2700 MB/s',53),
       ('SSD Samsung Portable T7 Red 1TB USB 3.2 tip C','MU-PC1T0R/WW','24 luni','Extern','Extern','USB 3.2 tip C','Nu','1 TB','-','3500 MB/s','2500 MB/s',54),
       ('SSD Samsung 970 EVO Plus 1TB PCI Express 3.0 x4 M.2 2280','MZ-V7S1T0BW','24 luni','Intern','M.2','PCI Express 3.0 x4','Da','1 TB','Samsung Phoenix','3500 MB/s','3300 MB/s',55),
       ('SSD Samsung 980 1TB PCI Express 3.0 x4 M.2 2280','MZ-V8V1T0BW','24 luni','Intern','M.2','PCI Express 3.0 x4','Da','1 TB','Samsung Pablo','3500 MB/s','3000 MB/s',56),
       ('SSD Kingston KC3000 1TB PCI Express 4.0 x4 M.2 2280','SKC3000S/1024G','24 luni','Intern','M.2','PCI Express 4.0 x4','Da','1 TB','Phison E18','7000 MB/s','6000 MB/s',57);


INSERT INTO cpu_details(name, code, warrant, gaming,socket, series, kernel, number_of_kernel,number_of_thread, frequency, frequency_turbo, nm, power, model, tip, memory_supported, frequency_memory, pciexpress, pciexpress_lanes, id_product)
VALUES ('Procesor Intel Comet Lake, Celeron G5925 3.6GHz box','BX80701G5925','24 luni','Nu','1200','Celeron Dual-Core','Comet Lake','2','2','3,6 GHz','3,6 GHz','14 nm','58 W','UHD 610','DDR4','128 GB','2666 MHz','3.0','x16',58),
       ('Procesor AMD Ryzen 3 4100 3.8GHz box','100-100000510BOX','24 luni','Da','AM4','Ryzen 3 4000 Series','Renoir','4','8','3,8 GHz','4 GHz','7 nm','65 W','Fara grafica integrata','DDR4','128 GB','3200 MHz','3.0','-',59),
       ('Procesor Intel Comet Lake, Core i3 10105F 3.7GHz box','BX8070110105F','24 luni','Da','1200','Core i3 10th gen','Comet Lake','4','8','3.7 GHz','4.4 GHz','14 nm','65 W','Fara grafica integrata','DDR4','128 GB','2666 MHz','-','-',60),
       ('Procesor AMD Ryzen 3 3200G 3.6GHz box','YD3200C5FHBOX','24 luni','Da','AM4','Ryzen 3 3000 Series','Picasso','4','4','3,6 GHz','4 GHz','12 nm','65 W','Radeon™ Vega 8','DDR4','64 GB','2933 MHz','3.0','-',61),
       ('Procesor Intel Comet Lake, Core i5 10400F 2.9GHz box','BX8070110400F','24 luni','Da','1200','Core i5 10th gen','Comet Lake','6','12','2,9 GHz','4,3 GHz','14 nm','65 W','Fara grafica integrata','DDR4','128 GB','2666 MHz','3.0','x16',62),
       ('Procesor Intel Alder Lake, Core i5 12400F 2.5GHz box','BX8071512400F','24 luni','Da','1700','Core i5 12th gen','Alder Lake','6','12','2,5 GHz','4,4 GHz','14 nm','65W','Fara grafica integrata','DDR4/DDR5','128 GB','DDR4 3200 MHz /DDR5 4800 MHz ','-','-',63),
       ('Procesor AMD Ryzen 7 5800X 3.8GHz box','100-100000063WOF','24 luni','Da','AM4','Ryzen 7 5000 Series','Vermeer','8','16','3.8 GHz','4,7 GHz','7nm','105 W','Fara grafica integrata','DDR4','128 GB','3200 MHz','4.0','-',64),
       ('Procesor AMD Ryzen 3 1200 3.1GHz Tray','YD1200BBM4KAF','24 luni0','Da','AM4','Ryzen 3 1000 Series','Summit Ridge','4','4','3,1 GHz','3,4 GHz','14nm','65 W','Fara grafica integrata','DDR4','64 GB','2400 MHz','3.0','x24',65),
       ('Procesor AMD Ryzen 7 5700X 3.4GHz box','100-100000926WOF','24 luni','Da','AM4','Ryzen 7 5000 Series','Vermeer','8','16','3,4 GHz','4,6GHz','7 nm','65W','Fara grafica integrata','DDR4','128 GB','3200 MHz','4.0','-',66),
       ('Procesor AMD Ryzen 9 7900X3D 4.4GHz box','100-100000909WOF','24 luni','Da','AM5','Ryzen 9 7000 Series','Raphael','12','24','4,4 GHz','5,6 GHz','5 nm','120W','Radeon Graphics','DDR5','128GB','5200 MHz','5.0','-',67),
       ('Procesor Intel Alder Lake, Core i9 12900KS 3.4GHz box','BX8071512900KS','24 luni','Da','1700','Core i9 12th gen','Alder Lake','16','24','3,4 GHz','5,5 GHz','7nm','150W','UHD 770','DDR4/DDR5','128 GB','DDR4 3200 MHz/DDR5 4800 MHz','5.0','20',68),
       ('Procesor Intel Raptor Lake, Core i9 13900K 3.0GHz box','BX8071513900K','24 luni','Da','1700','Core i9 13th gen','Raptor Lake','24','32','3 GHz','5,8 GHz','7nm','125W','UHD 770','DDR4/DDR5','128GB','DDR4 3200 MHz/DDR5 5600 MHz','-','-',69),
       ('Procesor AMD Ryzen 9 7950X 4.5GHz box','100-100000514WOF','24 luni','Da','AM5','Ryzen 9 7000 Series','Raphael','16','32','4,5GHz','5,7GHz','5nm','170W','Radeon Graphics','DDR5','128 GB','5200 MHz','-','-',70),
       ('Procesor Intel Raptor Lake, Core i9 13900 2.0GHz box','BX8071513900','24 luni','Da','1700','Core i9 13th gen','Raptor Lake','24','30','2GHz','5,6GHz','5nm','125W','UHD 770','DDR4/DDR5','DDR4 3200 MHz/','DDR5 5600 MHz','5.0','20',71),
       ('Procesor AMD Ryzen 9 7900X 4.7GHz box','100-100000589WOF','24 luni','Da','AM5','Ryzen 9 7000 Series','Raphael','12','24','4,7 GHz','5,6 GHz','5 nm','170W','Radeon Graphics','DDR5','128 GB','5200 MHz','5.0','-',72),
       ('Procesor Intel Raptor Lake, Core i7 13700 2.1GHz box','BX8071513700','24 luni','Da','1700','Core i7 13th gen','Raptor Lake','16','24','2,1GHz','5.2GHz','5nm','65nm','UHD 770','DDR4/DDR5','128 GB','DDR4 3200 MHz/DDR5 5600 MHz','5.0','20',73),
       ('Procesor AMD Ryzen 9 5900X 3.7GHz box','100-100000061WOF','24 luni','Da','AM4','Ryzen 9 5000 Series','Vermeer','12','24','3,7GHz','4,8GHz','7nm','105w','Fara grafica integrata','DDR4','128GB','3200 MHz','4.0','-',74),
       ('Procesor AMD Ryzen 7 7700X 4.5GHz box','100-100000591WOF','24 luni','Da','AM5','Ryzen 7 7000 Series','Raphael','8','16','4,5GHz','5,4GHz','8ms','105W','Radeon Graphics','DDR5','128Gb','5200MHx','5.0','-',75);

INSERT INTO gpu_details(name, code, warrant, interfaces, resolution, model, cooling, gaming, chipset, series, nm, gpu_graphics, gpu_boost, tip,memory, directx, opengl, vulkan, id_product)
VALUES ('Placa video GIGABYTE GeForce GTX 1650 OC 4GB GDDR5 128-bit','GV-N1650OC-4GD','24 luni','PCI Express x16 3.0','7680x4320 pixeli','GeForce GTX 1650','OC','Da','NVIDIA','GeForce GTX 1600','12 nm','Turing TU117','1710 MHz','GDDR5','4 GB','12.1','4.1','Da',76),
       ('Placa video Palit GeForce GTX 1650 GP 4GB GDDR6 128-bit','NE6165001BG1-1175A','24 luni','PCI Express x16 3.0','7680x4320 pixeli','GeForce GTX 1650','GP','Da','NVIDIA','GeForce GTX 1600','12 nm','Turing TU117','1590 MHz','GDDR6','4 GB','12.1','4.1','Da',77),
       ('Placa video Gainward GeForce RTX 3060 Ghost LHR 12GB GDDR6 192-bit','471056224-2430','24 luni','PCI Express x16 4.0','7680x4320 pixeli','GeForce RTX 3060','Ghost','Da','NVIDIA','GeForce RTX 3000','8 nm','Ampere GA106','1777 MHz','GDDR6','12 GB','12.1','4.1','Da',78),
       ('Placa video GIGABYTE GeForce RTX 3060 EAGLE LHR 12GB GDDR6 192-bit','GV-N3060EAGLE-12GD LHR','24 luni','PCI Express x16 4.0','7680x4320 pixeli','GeForce RTX 3060','EAGLE','Da','NVIDIA','GeForce RTX 3000','8 nm','Ampere GA106','-','GDDR6','12 GB','12 ','4.6','Da',79),
       ('Placa video Palit GeForce RTX 3060 Ti Dual LHR 8GB GDDR6 256-bit','NE6306T019P2-190AD','24 luni','PCI Express x16 4.0','7680x4320 pixeli','GeForce RTX 3060 Ti','Dual','Da','NVIDIA','GeForce RTX 3000','8 nm','Ampere GA104','1665 MHz','GDDR6','8 GB','12 Ultimate','4.6','Da',80),
       ('Placa video Biostar Radeon RX 550 4GB GDDR5 128-bit','VA5505RF41-SBHRA-BS2','24 luni','PCI Express x16 3.0','4096x2160 pixeli','Radeon RX 550','-','Da','AMD','Radeon RX 500','14 nm','Lexa Pro','1183 MHz','GDDR5','4 GB','12.1','4.0','Da',81),
       ('Placa video MSI Radeon RX 6400 Aero ITX 4GB GDDR6 64-bit','RX6400 AERO ITX 4G','24 luni','PCI Express x4 4.0','7680x4320 pixeli','Radeon RX 6400','Aero ITX','Da','AMD','Radeon RX 6000','6 nm','Navi 24','2321 MHz','GDDR6','4 GB','12 Ultimate','12 ','Da',82),
       ('Placa video ASUS GeForce RTX 3050 DUAL OC LHR 8GB GDDR6 128-bit','DUAL-RTX3050-O8G','24 luni','PCI Express x16 4.0','7680x4320 pixeli','GeForce RTX 3050','Dual OC','Da','NVVIDIA','GeForce RTX 3000','8 nm','Ampere GA106','1822 MHz','GDDR6','8 GB','12 Ultimate','4.6','Da',83),
       ('Placa video MSI Radeon RX 6600 MECH 2X 8GB GDDR6 128-bit','RX 6600 MECH 2X 8G','24 luni','PCI Express x16 4.0','7680x4320 pixeli','Radeon RX 6600','MECH 2X','Da','AMD','Radeon RX 6000','7nm','Navi 23','2491 MHz','GDDR6','8 GB','12 Ultimate','4.6','da',84),
       ('Placa video MSI GeForce RTX 4080 SUPRIM X 16GB GDDR6X 256-bit DLSS 3.0','RTX 4080 SUPRIM X','24 luni','PCI Express x16 4.0','7680x4320 pixeli','GeForce RTX 4080','SUPRIM X','Da','NVIDIA','GeForce RTX 4000','5nm','Ada Lovelace','2625 MHz','GDDR6X','16 GB','12 Ultimate','4.6','Da',85),
       ('Placa video MSI GeForce RTX 4090 GAMING X TRIO 24GB GDDR6X 384-bit DLSS 3.0','GeForce RTX 4090 GAMING X TRIO 24G','24 luni','PCI Express x16 4.0','7680x4320 pixeli','GeForce RTX 4090','GAMING X TRIO','Da','NVIDIA','GeForce RTX 4000','5nm','Ada Lovelace AD102','2230 MHz','GDDR6X','24 GB','12 Ultimate','4.6','Da',86),
       ('Placa video GIGABYTE GeForce RTX 4080 EAGLE OC 16GB GDDR6X 256-bit DLSS 3.0','GV-N4080EAGLE OC-16GD','24 luni','PCI Express x16 4.0','7680x4320 pixeli','GeForce RTX 4080','EAGLE OC','Da','NVIDIA','GeForce RTX 4000','5nm','Ada Lovelace','2520 MHz','GDDR6X','16 GB','12 Ultimate','4.6','Da',87),
       ('Placa video ASUS Radeon RX 7900 XTX TUF GAMING 24GB GDDR6 384-bit','TUF-RX7900XTX-O24G','24 luni','PCI Express x16 4.0','7680x4320 pixeli','Radeon RX 7900 XTX','TUF GAMING','Da','AMD','Radeon RX 7000','5nm','Navi 31 XTX','2615 MHz','GDDR6','24 GB','12 Ultimate','4.6','Da',88),
       ('Placa video Sapphire Nitro+ Radeon RX 7900 XTX Vapor-X 24GB GDDR6 384-bit','11322-01-40G','24 luni','PCI Express x16 4.0','7680x4320 pixeli','Radeon RX 7900 XTX','Vapor-X','Da','AMD','Radeon RX 7000','5nm','Navi 31 XTX','2680 MHz','GDDR6','24 GB','12 Ultimate','4.6','Da',89),
       ('Placa video PowerColor Radeon RX 7900 XTX Red Devil 24GB GDDR6 384-bit','RX 7900 XTX 24G-E/OC','24 luni','PCI Express x16 4.0','7680x4320 pixeli','Radeon RX 7900 XTX','Red Devil','Da','AMD','Radeon RX 7000','5nm','Navi 31 XTX','2565 MHz','GDDR6','24 GB','12 Ultimate','4.6','Da',90),
       ('Placa video Sapphire Nitro+ Radeon RX 7900 XT Vapor-X 20GB GDDR6 320-bit','11323-01-40G','24 luni','PCI Express x16 4.0','7680x4320 pixeli','Radeon RX 7900 XT','Vapor-X','Da','AMD','Radeon RX 7000','5nm','Navi 31 XT','2500 MHz','GDDR6','20 GB','12 Ultimate','4.6','Da',91),
       ('Placa video PowerColor Radeon RX 7900 XT Red Devil 20GB GDDR6 320-bit','RX 7900 XT 20G-E/OC','24 luni','PCI Express x16 4.0','7680x4320 pixeli','Radeon RX 7900 XT','Red Devil','Da','AMD','Radeon RX 7000','5nm','Navi 31 XT','2535 MHz','GDDR6','20 GB','12 Ultimate','4.6','Da',92),
       ('Placa video Sapphire Radeon RX 7900 XT Pulse 20GB GDDR6 320-bit','11323-02-20G','24 luni','PCI Express x16 4.0','7680x4320 pixeli','Radeon RX 7900 XT','PULSE','Da','AMD','Radeon RX 7000','5nm','Navi 31 XT','2450 MHz','GDDR6','20 GB','12 Ultimate','4.6','Da',93),
       ('Placa video GIGABYTE Radeon RX 7900 XT GAMING OC 20GB GDDR6 320-bit','GV-R79XTGAMING-OC-20GD','24 luni','PCI Express x16 4.0','7680x4320 pixeli','Radeon RX 7900 XT','GAMING OC','Da','AMD','Radeon RX 7000','5nm','Navi 31 XT','2535 MHz','GDDR6','20 GB','12 Ultimate','4.6','Da',94);






INSERT INTO users(address, birthday, email, first_name,mobile ,  password, last_name, id_role, active)
VALUES ('Brasov', '1999-08-01', 'gabriel.stanciulescu@admin.itcomponents.ro', 'Stanciulescu', '0748000000', '$2a$12$R7SYQz6YjarscS/c3qqVjeg.kPJQuPRK5yOORqXQXcXrz62G.eEPC', 'Gabriel', 2, true),-- password: qmajdyhn
       ('Brasov', '1999-08-01', 'gabriel.stanciulescu@gmail.com', 'Stanciulescu', '0748000000', '$2a$12$R7SYQz6YjarscS/c3qqVjeg.kPJQuPRK5yOORqXQXcXrz62G.eEPC', 'Gabriel', 1, true),-- password: qmajdyhn
       ('Brasov', '1999-08-01', 'gabriel.stanciulescu@itcomponents.ro', 'Stanciulescu', '0748000000', '$2a$12$R7SYQz6YjarscS/c3qqVjeg.kPJQuPRK5yOORqXQXcXrz62G.eEPC', 'Gabriel', 3, true); -- password: qmajdyhn











