INSERT INTO categories(name) VALUES ('Mouse'), ('RAM'), ('HDD'), ('SSD'), ('CPU'), ('GPU'), ('Mother Board'), ('Monitor');



INSERT INTO products(code, description, image_url, name, price, quantity, id_category, stock)
 VALUES ('F4-2133C15S-4GNT','Memorie G.Skill F4 4GB DDR4 2133MHz CL15','https://3.grgs.ro/images/products/1/1415042/1508458/thumbnails/f4-4gb-ddr4-2133mhz-cl15-12v-e59b5b4301e36cb391413b36afcf8a04.jpg'
 ,'RAM',23,100, 2,100),
 ('F4-2133C15S-4GNT','Memorie GOODRAM IRDM X 8GB DDR4 2666MHz CL16','https://3.grgs.ro/images/products/1/1415042/1508458/thumbnails/f4-4gb-ddr4-2133mhz-cl15-12v-e59b5b4301e36cb391413b36afcf8a04.jpg'
 ,'RAM',23,100, 2,100),
        ('F4-2133C15S-4GNT','Memorie GOODRAM IRDM X 8GB DDR4 2666MHz CL16','https://3.grgs.ro/images/products/1/1689668/1716032/normal/irdm-x-8gb-ddr4-2666mhz-cl16-e75232a1441f95c57682cfdbe51d9280.jpg'
        ,'RAM',23,100, 2,100),
        ('F4-2133C15S-4GNT','Memorie GOODRAM 8GB DDR3 1600MHz CL11 1.5v','https://5.grgs.ro/images/products/1/1053670/1131498/thumbnails/8gb-ddr3-1600mhz-cl11-15v-3575b3773e3e971709ebabfbeb4f4cf2.jpg'
        ,'RAM',23,100, 2,100),
        ('F4-2133C15S-4GNT','Memorie Patriot Viper Steel 8GB DDR4 3000MHz CL16','https://5.grgs.ro/images/products/1/1779504/1786948/thumbnails/patriot-viper-steel-ddr4-8gb-3000mhz-single-75e11600c46f7d9b3035c35466e242a0.png'
        ,'RAM',23,100, 2,100),
        ('F4-2133C15S-4GNT','Memorie Patriot Signature Line 8GB DDR3 1600MHz CL11 Dual Rank 1.5v','https://2.grgs.ro/images/products/1/480523/806495/thumbnails/signature-line-8gb-ddr3-1600mhz-cl11-dual-rank-15v-0bca999025eb0b84ec0f90536533a2b5.jpg'
        ,'RAM',23,100, 2,100),
        ('F4-2133C15S-4GNT','Memorie ADATA XPG Spectrix D50 8GB DDR4 3200MHz CL16','https://1.grgs.ro/images/products/1/9552/2486120/thumbnails/memorie-ram-adata-xpg-8gb-ddr4-3200mhz-cl16-e42d658ef357a979008db01525bb1fd3.jpg'
        ,'RAM',23,100, 2,100),
        ('F4-2133C15S-4GNT','Memorie Kingston FURY Beast 8GB DDR4 2666MHz CL16','https://1.grgs.ro/images/products/1/7169/2230710/thumbnails/fury-beast-8gb-ddr4-2666mhz-cl16-c79298790f78531559df9705c004072c.jpg'
        ,'RAM',23,100, 2,100),
        ('F4-2133C15S-4GNT','Memorie Patriot Viper Steel 8GB DDR4 3000MHz CL16','https://5.grgs.ro/images/products/1/1779504/1786948/thumbnails/patriot-viper-steel-ddr4-8gb-3000mhz-single-75e11600c46f7d9b3035c35466e242a0.png'
        ,'RAM',23,100, 2,100),
        ('F4-2133C15S-4GNT','Memorie Crucial 8GB DDR4 3200MHz CL22','https://5.grgs.ro/images/products/1/1724/2215566/thumbnails/16gb-ddr4-3200mhz-cl22-f616ca72f833abe0346211e671103206.jpg'
        ,'RAM',23,100, 2,100),
        ('F4-2133C15S-4GNT','Memorie G.Skill F4 4GB DDR4 2133MHz CL15','https://3.grgs.ro/images/products/1/1415042/1508458/thumbnails/f4-4gb-ddr4-2133mhz-cl15-12v-e59b5b4301e36cb391413b36afcf8a04.jpg'
        ,'RAM',23,100, 2,100),
        ('F4-2133C15S-4GNT','Memorie TeamGroup Elite 8GB DDR4 3200MHz CL22','https://5.grgs.ro/images/products/1/1358815/2333480/thumbnails/tp-ddr4-8gb-2400-ted48g2400c1-792d8a06ea47ad547e6c2a4f1034db78.jpg'
        ,'RAM',23,100, 2,100),
        ('F4-2133C15S-4GNT','Memorie G.Skill Aegis 8GB DDR4 3200MHz CL16','https://5.grgs.ro/images/products/1/1541210/1956426/thumbnails/aegis-8gb-ddr4-3000mhz-cl16-135v-549095585383bb53d19a7c58c95fc41c.jpg'
        ,'HDD',23,100, 3,100),

        ('F4-2133C15S-4GNT','Hard disk WD Blue 1TB SATA-III 7200 RPM 64MB','https://2.grgs.ro/images/products/1/5/376435/thumbnails/blue-1tb-sata-iii-7200-rpm-64mb-5149c8225cffe963332c7127be366c0a.jpg'
        ,'HDD',23,100, 3,100),
        ('F4-2133C15S-4GNT','Hard disk Seagate BarraCuda 1TB SATA-III 7200RPM 64MB','https://1.grgs.ro/images/products/1/1301183/1407642/thumbnails/barracuda-1tb-sata-iii-7200rpm-64mb-cf0a095d08593827efb4e6e7a0ed2d5a.jpg'
        ,'HDD',23,100, 3,100),
        ('F4-2133C15S-4GNT','Hard disk WD New Purple 1TB SATA-III IntelliPower 64MB','https://5.grgs.ro/images/products/1/1475490/1495526/thumbnails/new-purple-1tb-sata-iii-intellipower-5adf5f9f8bba370625f13024f83773dc.jpg'
        ,'HDD',23,100, 3,100),
        ('F4-2133C15S-4GNT','Hard disk Seagate BarraCuda 2TB SATA-III 7200RPM 256MB','https://5.grgs.ro/images/products/1/8674/1726212/thumbnails/barracuda-2tb-sata-iii-7200rpm-256mb-f0e26ccfd1ea1e7806dacb552cf6a1d9.jpg'
        ,'HDD',23,100, 3,100),
        ('F4-2133C15S-4GNT','Hard disk Toshiba P300 3TB SATA-III 7200 RPM 64MB bulk','https://4.grgs.ro/images/products/1/1000151/1587482/thumbnails/p300-3tb-sata-iii-7200-rpm-64mb-befbb5e0fedcb6ec26fe3cf3cbbe8390.jpg'
        ,'HDD',23,100, 3,100),
        ('F4-2133C15S-4GNT','Hard disk Seagate IronWolf 2TB SATA-III 5900RPM 64MB','https://1.grgs.ro/images/products/1/1113903/1407718/thumbnails/ironwolf-2tb-sata-iii-5900rpm-64mb-7fc2924d0efdb1f3b70d00f51ffa3466.jpg'
        ,'HDD',23,100, 3,100),
        ('F4-2133C15S-4GNT','Hard disk Seagate IronWolf 2TB SATA-III 5900RPM 64MB','https://3.grgs.ro/images/products/1/7201/2159346/thumbnails/red-plus-2tb-sata-iii-5400rpm-128mb-fb285ad22b60be7856b3b08d10724773.jpg'
        ,'HDD',23,100, 3,100),
        ('F4-2133C15S-4GNT','Hard disk Seagate IronWolf 3TB SATA-III 5400RPM 256MB','https://5.grgs.ro/images/products/1/710/2377808/thumbnails/seagate-3tb-nas-hdd-st3000vn006-636384779804a906e63ce0b1c4878f8f.jpg'
        ,'HDD',23,100, 3,100),

        ('F4-2133C15S-4GNT','SSD Kingston A400 120GB SATA-III 2.5 inch','https://3.grgs.ro/images/products/1/1427502/1487666/thumbnails/a400-120gb-sata-iii-25-inch-ace5ac38fb969418fdf46f467226e385.jpg'
        ,'SSD',23,100, 4,100),
        ('F4-2133C15S-4GNT','SSD Silicon-Power Ace A55 128GB SATA-III 2.5 inch','https://3.grgs.ro/images/products/1/1409094/1535503/thumbnails/ace-a55-128gb-sata-iii-25-inch-b998e7de1b5f0ada5f61065300310fd8.jpg'
        ,'SSD',23,100, 4,100),
        ('F4-2133C15S-4GNT','SSD ADATA SU630 240GB SATA-III 2.5 inch','https://4.grgs.ro/images/products/1/1804216/1805384/thumbnails/su630-240gb-sata-iii-25-inch-0720187331b5d30499a928ea3e1a7dcc.jpg'
        ,'SSD',23,100, 4,100),
        ('F4-2133C15S-4GNT','SSD Kingston NV2 250GB PCI Express 4.0 x4 M.2 2280','https://5.grgs.ro/images/products/1/2770/2456280/thumbnails/kingston-250gb-nv2-m2-2280-pcie-40-nvme-ssd-6724f4bd523e862533b19754deee5da9.jpg'
        ,'SSD',23,100, 4,100),
        ('F4-2133C15S-4GNT','SSD ADATA Legend 750 500GB PCI Express 3.0 x4 M.2 2280','https://5.grgs.ro/images/products/1/9544/2354148/thumbnails/adata-legend-750-500gb-pcie-m2-ssd-e36ccab79cd70331ea462f1269d4debc.jpg'
        ,'SSD',23,100, 4,100),
        ('F4-2133C15S-4GNT','SSD Samsung 870 EVO 250GB SATA-III 2.5 inch','https://4.grgs.ro/images/products/1/9395/2136430/thumbnails/870-evo-1tb-sata-iii-25-inch-13fcd8e5f2722e40e2e96e8a49645f13.jpg'
        ,'SSD',23,100, 4,100),
        ('F4-2133C15S-4GNT','SSD Silicon-Power P34A60 512GB PCI Express 3.0 x4 M.2 2280','https://2.grgs.ro/images/products/1/1261/1963134/thumbnails/p34a60-512gb-pci-express-30-x4-m2-2280-cffddd87cb7877a47ef99c20bd7001ec.jpg'
        ,'SSD',23,100, 4,100),
        ('F4-2133C15S-4GNT','SSD ADATA Legend 710 512GB PCI Express 3.0 x4 M.2 2280','https://5.grgs.ro/images/products/1/8221/2369816/thumbnails/adata-ssd-512gb-m2-pcie-legend-710-51b395e5a46db07e2c400251b165e70e.jpg'
        ,'SSD',23,100, 4,100),
        ('F4-2133C15S-4GNT','SSD Samsung 980 250GB PCI Express 3.0 x4 M.2 2280','https://5.grgs.ro/images/products/1/4167/2180346/thumbnails/980-250gb-pci-express-30-x4-m2-2280-c370a8eafb1905dcea9fad9b8708f095.jpg'
        ,'SSD',23,100, 4,100);



INSERT INTO roles(name) VALUES ('ADMIN'), ('USER');

INSERT INTO users(address, birthday, email, first_name, last_name, mobile, password, id_role)
VALUES ('Ghinea dorinel nr13', '1999-08-01', 'gabriel.stanciulescu@gmail.com', 'Stanciulescu', '0748839324', 'qmajdyhn', 'Gabriel', 1),
       ('Arinului 20', '200-08-01', 'constantin.gabriel@gmail.com', 'Constantin', '0748839324', 'qmajdyhn', 'Gabriel', 2),
       ('Ghinea dorinel nr13', '1999-08-01', 'gabriel.stanciulescu@gmail.com', 'Stanciulescu', '0748839324', 'qmajdyhn', 'Gabriel', 2),
       ('Ghinea dorinel nr13', '1999-08-01', 'gabriel.stanciulescu@gmail.com', 'Stanciulescu', '0748839324', 'qmajdyhn', 'Gabriel', 2),
       ('Ghinea dorinel nr13', '1999-08-01', 'gabriel.stanciulescu@gmail.com', 'Stanciulescu', '0748839324', 'qmajdyhn', 'Gabriel', 2),
       ('Ghinea dorinel nr13', '1999-08-01', 'gabriel.stanciulescu@gmail.com', 'Stanciulescu', '0748839324', 'qmajdyhn', 'Gabriel', 2),
       ('Ghinea dorinel nr13', '1999-08-01', 'gabriel.stanciulescu@gmail.com', 'Stanciulescu', '0748839324', 'qmajdyhn', 'Gabriel', 2),
       ('Ghinea dorinel nr13', '1999-08-01', 'gabriel.stanciulescu@gmail.com', 'Stanciulescu', '0748839324', 'qmajdyhn', 'Gabriel', 1);











